dataset,coluna,valor,quantidade,percentual
dataset_1,Customer Gender,Male,2896,34.2
dataset_1,Customer Gender,Female,2887,34.09
dataset_1,Customer Gender,Other,2686,31.72
dataset_1,Product Purchased,Canon EOS,240,2.83
dataset_1,Product Purchased,GoPro Hero,228,2.69
dataset_1,Product Purchased,Nest Thermostat,225,2.66
dataset_1,Product Purchased,Philips Hue Lights,221,2.61
dataset_1,Product Purchased,Amazon Echo,221,2.61
dataset_1,Product Purchased,LG Smart TV,219,2.59
dataset_1,Product Purchased,Sony Xperia,217,2.56
dataset_1,Product Purchased,Roomba Robot Vacuum,216,2.55
dataset_1,Product Purchased,LG OLED,213,2.52
dataset_1,Product Purchased,Apple AirPods,213,2.52
dataset_1,Product Purchased,iPhone,212,2.5
dataset_1,Product Purchased,Sony 4K HDR TV,210,2.48
dataset_1,Product Purchased,LG Washing Machine,208,2.46
dataset_1,Product Purchased,Garmin Forerunner,208,2.46
dataset_1,Product Purchased,Canon DSLR Camera,206,2.43
dataset_1,Product Purchased,Nikon D,204,2.41
dataset_1,Product Purchased,Nintendo Switch Pro Controller,203,2.4
dataset_1,Product Purchased,Google Pixel,203,2.4
dataset_1,Product Purchased,Sony PlayStation,202,2.39
dataset_1,Product Purchased,Fitbit Charge,202,2.39
dataset_1,Product Purchased,Microsoft Office,200,2.36
dataset_1,Product Purchased,HP Pavilion,200,2.36
dataset_1,Product Purchased,Dyson Vacuum Cleaner,198,2.34
dataset_1,Product Purchased,Amazon Kindle,198,2.34
dataset_1,Product Purchased,Google Nest,198,2.34
dataset_1,Product Purchased,Bose SoundLink Speaker,197,2.33
dataset_1,Product Purchased,Autodesk AutoCAD,196,2.31
dataset_1,Product Purchased,Microsoft Xbox Controller,196,2.31
dataset_1,Product Purchased,Samsung Galaxy,194,2.29
dataset_1,Product Purchased,PlayStation,192,2.27
dataset_1,Product Purchased,Fitbit Versa Smartwatch,191,2.26
dataset_1,Product Purchased,Microsoft Surface,190,2.24
dataset_1,Product Purchased,Bose QuietComfort,190,2.24
dataset_1,Product Purchased,Samsung Soundbar,188,2.22
dataset_1,Product Purchased,Xbox,187,2.21
dataset_1,Product Purchased,Asus ROG,187,2.21
dataset_1,Product Purchased,MacBook Pro,186,2.2
dataset_1,Product Purchased,Dell XPS,185,2.18
dataset_1,Product Purchased,GoPro Action Camera,183,2.16
dataset_1,Product Purchased,Lenovo ThinkPad,183,2.16
dataset_1,Product Purchased,Adobe Photoshop,181,2.14
dataset_1,Product Purchased,Nintendo Switch,178,2.1
dataset_1,Ticket Type,Refund request,1752,20.69
dataset_1,Ticket Type,Technical issue,1747,20.63
dataset_1,Ticket Type,Cancellation request,1695,20.01
dataset_1,Ticket Type,Product inquiry,1641,19.38
dataset_1,Ticket Type,Billing inquiry,1634,19.29
dataset_1,Ticket Subject,Refund request,576,6.8
dataset_1,Ticket Subject,Software bug,574,6.78
dataset_1,Ticket Subject,Product compatibility,567,6.7
dataset_1,Ticket Subject,Delivery problem,561,6.62
dataset_1,Ticket Subject,Hardware issue,547,6.46
dataset_1,Ticket Subject,Battery life,542,6.4
dataset_1,Ticket Subject,Network problem,539,6.36
dataset_1,Ticket Subject,Installation support,530,6.26
dataset_1,Ticket Subject,Product setup,529,6.25
dataset_1,Ticket Subject,Payment issue,526,6.21
dataset_1,Ticket Subject,Product recommendation,517,6.1
dataset_1,Ticket Subject,Account access,509,6.01
dataset_1,Ticket Subject,Peripheral compatibility,496,5.86
dataset_1,Ticket Subject,Data loss,491,5.8
dataset_1,Ticket Subject,Cancellation request,487,5.75
dataset_1,Ticket Subject,Display issue,478,5.64
dataset_1,Ticket Status,Pending Customer Response,2881,34.02
dataset_1,Ticket Status,Open,2819,33.29
dataset_1,Ticket Status,Closed,2769,32.7
dataset_1,Ticket Priority,Medium,2192,25.88
dataset_1,Ticket Priority,Critical,2129,25.14
dataset_1,Ticket Priority,High,2085,24.62
dataset_1,Ticket Priority,Low,2063,24.36
dataset_1,Ticket Channel,Email,2143,25.3
dataset_1,Ticket Channel,Phone,2132,25.17
dataset_1,Ticket Channel,Social media,2121,25.04
dataset_1,Ticket Channel,Chat,2073,24.48
dataset_1,Customer Satisfaction Rating,<FALTANTE>,5700,67.3
dataset_1,Customer Satisfaction Rating,3.0,580,6.85
dataset_1,Customer Satisfaction Rating,1.0,553,6.53
dataset_1,Customer Satisfaction Rating,2.0,549,6.48
dataset_1,Customer Satisfaction Rating,5.0,544,6.42
dataset_1,Customer Satisfaction Rating,4.0,543,6.41
dataset_2,Topic_group,Hardware,13617,28.47
dataset_2,Topic_group,HR Support,10915,22.82
dataset_2,Topic_group,Access,7125,14.89
dataset_2,Topic_group,Miscellaneous,7060,14.76
dataset_2,Topic_group,Storage,2777,5.81
dataset_2,Topic_group,Purchase,2464,5.15
dataset_2,Topic_group,Internal Project,2119,4.43
dataset_2,Topic_group,Administrative rights,1760,3.68
