dimensao,segmento,tickets_total,pct_volume_total,fechados,fechados_validos_tempo,pct_cobertura_tempo_no_segmento,tempos_invalidos,pct_invalido_entre_fechados,mediana_h,p75_h,p90_h,media_h
Ticket Channel,Chat,2073,24.477506199078995,674,355,17.124939700916546,319,47.32937685459941,6.516666666666667,11.325,16.073333333333338,7.497793427230047
Ticket Channel,Email,2143,25.304050064942732,720,374,17.452169855342976,346,48.05555555555556,6.408333333333333,11.383333333333333,15.785,7.617780748663102
Ticket Channel,Phone,2132,25.174164600307,691,327,15.337711069418386,364,52.67727930535456,6.05,10.641666666666666,15.140000000000006,7.264118246687055
Ticket Channel,Social media,2121,25.04427913567127,684,348,16.407355021216407,336,49.12280701754386,6.425000000000001,12.333333333333334,16.923333333333336,7.911733716475096
Ticket Priority,Critical,2129,25.138741291769986,726,374,17.56693283231564,352,48.484848484848484,5.983333333333333,10.579166666666667,15.211666666666666,7.147014260249554
Ticket Priority,High,2085,24.619199433227063,705,355,17.026378896882495,350,49.645390070921984,7.116666666666666,12.583333333333332,17.10666666666667,8.074835680751173
Ticket Priority,Low,2063,24.359428503955602,644,334,16.19001454192923,310,48.13664596273292,7.083333333333333,11.399999999999999,16.816666666666666,7.947405189620759
Ticket Priority,Medium,2192,25.88263077104735,694,341,15.556569343065693,353,50.86455331412104,5.866666666666666,10.65,15.35,7.171358748778104
Ticket Type,Billing inquiry,1634,19.29389538316212,544,273,16.707466340269278,271,49.81617647058823,5.266666666666667,10.133333333333333,15.403333333333334,7.010256410256411
Ticket Type,Cancellation request,1695,20.01416932341481,516,265,15.634218289085545,251,48.64341085271318,6.366666666666666,11.416666666666666,15.94,7.6930817610062885
Ticket Type,Product inquiry,1641,19.376549769748493,533,257,15.661182205971969,276,51.78236397748593,6.983333333333333,10.8,15.856666666666667,7.676070038910506
Ticket Type,Refund request,1752,20.687212185618137,596,304,17.35159817351598,292,48.993288590604024,6.708333333333334,11.991666666666667,17.24,8.11781798245614
Ticket Type,Technical issue,1747,20.628173338056442,580,305,17.458500286204924,275,47.41379310344828,6.383333333333334,11.216666666666667,15.42666666666667,7.365191256830601
