language,class,n,VP,FP,FN,VN,precision,recall,specificity,f1
en,Access,100,82,6,18,694,0.9318181818181818,0.82,0.9914285714285714,0.8723404255319149
en,Administrative rights,100,80,9,20,691,0.898876404494382,0.8,0.9871428571428571,0.8465608465608465
en,HR Support,100,82,21,18,679,0.7961165048543689,0.82,0.97,0.8078817733990147
en,Hardware,100,82,45,18,655,0.6456692913385826,0.82,0.9357142857142857,0.7224669603524229
en,Internal Project,100,88,3,12,697,0.967032967032967,0.88,0.9957142857142857,0.9214659685863875
en,Miscellaneous,100,86,24,14,676,0.7818181818181819,0.86,0.9657142857142857,0.819047619047619
en,Purchase,100,95,2,5,698,0.979381443298969,0.95,0.9971428571428571,0.9644670050761421
en,Storage,100,88,7,12,693,0.9263157894736842,0.88,0.99,0.9025641025641025
pt,Access,100,15,6,85,694,0.7142857142857143,0.15,0.9914285714285714,0.24793388429752064
pt,Administrative rights,100,44,16,56,684,0.7333333333333333,0.44,0.9771428571428571,0.5499999999999999
pt,HR Support,100,30,29,70,671,0.5084745762711864,0.3,0.9585714285714285,0.3773584905660377
pt,Hardware,100,91,384,9,316,0.19157894736842104,0.91,0.4514285714285714,0.3165217391304348
pt,Internal Project,100,37,4,63,696,0.9024390243902439,0.37,0.9942857142857143,0.524822695035461
pt,Miscellaneous,100,26,34,74,666,0.43333333333333335,0.26,0.9514285714285714,0.325
pt,Purchase,100,75,1,25,699,0.9868421052631579,0.75,0.9985714285714286,0.8522727272727272
pt,Storage,100,7,1,93,699,0.875,0.07,0.9985714285714286,0.12962962962962962
