term,feature_kind,pt_token_occurrences,pt_document_frequency,positive_contribution_all,positive_contribution_correct_predictions,documents_positive_contribution,correct_documents_positive_contribution
po,unigram,166,78,250.30747159512833,250.30747159512833,74,74
upgrade,unigram,45,22,63.129398105522014,58.68532579583162,22,20
outlook,unigram,12,12,56.97558397282287,52.427121914641084,12,11
pipeline,unigram,21,12,48.19519169746575,48.19519169746575,11,11
log,unigram,125,114,55.475221815655004,48.019920621228465,92,66
de,unigram,1799,509,263.72274525450786,42.99767328474627,402,90
item,unigram,69,50,35.912673675600566,35.912673675600566,45,45
pas,unigram,40,39,44.160715358136166,33.663082108563216,28,22
monitor,unigram,21,12,34.911416135850786,29.8597564689449,8,5
code,unigram,25,13,28.638648053359173,28.638648053359173,10,10
laptop,unigram,33,19,34.008097191573604,26.21308574020616,17,13
windows,unigram,27,27,22.50197903215499,22.50197903215499,21,21
starter,unigram,23,12,22.112303593858165,22.112303593858165,12,12
ticket,unigram,30,20,27.66438954114588,19.667351896505195,13,8
git,unigram,28,6,19.9902682700097,18.543156187921443,6,5
oracle,unigram,28,27,30.39134113287877,15.144165799149906,22,14
setup,unigram,31,6,13.187437744788843,13.187437744788843,6,6
software,unigram,41,34,20.70824975166386,12.669007024803417,14,11
tickets,unigram,23,13,14.482972673749485,12.579485701293374,7,6
mailing,unigram,13,5,12.194219541106072,12.194219541106072,5,5
user,unigram,7,5,8.398834237237223,8.398834237237223,4,4
pm,unigram,447,301,32.11982527952167,8.230259099643247,115,78
install,unigram,9,6,10.173346504811466,7.490334675371819,6,5
si,unigram,44,24,16.201961532713273,7.067102442552065,23,12
change,unigram,12,6,6.2310748568224845,6.2310748568224845,3,3
folder,unigram,4,3,6.032214270594631,6.032214270594631,3,3
add,unigram,15,12,6.5950738901089005,5.835476456901073,5,4
opportunity,unigram,11,5,5.5854564129020075,5.5854564129020075,5,5
leaver,unigram,5,3,5.251513904093313,5.251513904093313,3,3
do,unigram,176,106,10.019714853036474,5.097981870427922,22,15
re,unigram,308,167,19.67637421494087,4.842727769721094,117,38
os,unigram,61,47,8.754845741841219,4.832911590405828,41,15
project,unigram,4,4,4.798102642231055,4.798102642231055,3,3
studio,unigram,9,3,4.50704750587082,4.50704750587082,3,3
purchase,unigram,4,2,4.335413463494584,4.335413463494584,2,2
se,unigram,116,86,19.291868581299262,4.113833991228531,72,24
visual,unigram,9,3,4.095293715782004,4.095293715782004,3,3
hi,unigram,243,171,8.71309307982828,3.860587592537047,49,30
drive,unigram,12,7,3.7605823910995904,3.7605823910995904,5,5
windows upgrade,bigram,0,0,3.744048573288747,3.744048573288747,10,10
issues,unigram,14,5,5.947291128112614,3.7304058216548905,5,3
list,unigram,5,5,4.19047936839948,3.7287938480321907,5,4
form,unigram,35,13,3.691823862730033,3.691823862730033,10,10
link,unigram,68,49,6.505453854623604,3.687510343942568,46,34
visual studio,bigram,0,0,3.6810626735673315,3.6810626735673315,3,3
new starter,bigram,0,0,3.643983180147216,3.643983180147216,4,4
pipelines,unigram,3,1,3.625214624673004,3.625214624673004,1,1
share,unigram,9,5,3.440933550676719,3.440933550676719,3,3
create,unigram,11,10,3.6375163759038935,3.330081389325868,8,7
wants,unigram,2,2,3.1995499605890627,3.1995499605890627,2,2
la,unigram,30,17,8.655760203397493,3.1150240716233393,16,5
po hi,bigram,0,0,2.982068501777445,2.982068501777445,6,6
que,unigram,234,152,4.860409061764302,2.9382896401730405,31,20
reset,unigram,4,3,2.8142337440669336,2.8142337440669336,1,1
version,unigram,8,3,2.7422711456766162,2.7422711456766162,3,3
en,unigram,45,40,7.767647730214994,2.678652785103525,32,14
favor,unigram,1062,577,14.501949175123272,2.5851187225477688,426,108
name,unigram,11,6,4.776219299588335,2.5260153949535304,4,2
update,unigram,17,12,4.706365482472535,2.513038622133471,8,6
frankfurt,unigram,7,4,3.67439943153333,2.4376592075535637,4,3
time,unigram,1,1,2.3366933167089625,2.3366933167089625,1,1
ram,unigram,2,2,2.2186050599672003,2.2186050599672003,2,2
re upgrade,bigram,0,0,2.1610210310546063,2.1610210310546063,6,6
pro,unigram,9,6,2.1605546058177385,2.1605546058177385,5,5
users,unigram,3,2,2.154018238916182,2.154018238916182,2,2
up,unigram,6,6,2.1048669847692083,2.1048669847692083,5,5
connect,unigram,6,5,3.9802975092255686,2.0856565294657,5,3
access,unigram,17,11,4.0159969422099016,2.0524536307434076,9,6
ext,unigram,127,103,3.4219667619190037,1.9085096930840628,89,39
area,unigram,6,3,2.648751492108416,1.83600682811263,3,2
client,unigram,25,7,1.8636483797777486,1.7880816241470123,5,4
accept,unigram,2,2,1.7832245731274758,1.7832245731274758,2,2
hello,unigram,100,82,4.050253648337983,1.7543113809889455,53,23
line,unigram,7,4,1.6929474031698506,1.6929474031698506,2,2
new,unigram,13,13,1.6530636896322222,1.6530636896322222,9,9
win,unigram,7,5,1.6468584651852232,1.6468584651852232,3,3
floor,unigram,12,9,6.271908388089967,1.6385791633040394,8,2
mouse,unigram,9,4,2.4754579779647607,1.5949905592153248,4,3
ca,unigram,19,12,5.479309606801939,1.43255849903879,11,4
pm po,bigram,0,0,1.4197756683824332,1.4197756683824332,3,3
wireless,unigram,6,4,1.6580917025951676,1.4056214522382582,4,3
no,unigram,82,69,5.344799001079882,1.3888583583580347,59,19
pm re,bigram,0,0,5.6354036949564215,1.3884673410341135,59,22
starter form,bigram,0,0,1.3366520001037592,1.3366520001037592,3,3
hours,unigram,7,1,1.2595794039997419,1.2595794039997419,1,1
template,unigram,11,7,1.2465466118024382,1.2465466118024382,3,3
po po,bigram,0,0,1.220778711700031,1.220778711700031,2,2
id,unigram,51,25,1.2134251986454578,1.2134251986454578,11,11
site,unigram,87,19,5.423336805614784,1.1975761712282615,16,5
feedback,unigram,19,7,1.790982458730424,1.1877176223010837,7,5
write,unigram,3,3,2.2201033577345917,1.1508040296756168,3,2
add to,bigram,0,0,1.136721037950557,1.136721037950557,3,3
com,unigram,211,133,6.104020876840601,1.114653293581068,19,9
upload,unigram,12,8,2.5304596579238003,1.1070091456098607,5,2
timecard,unigram,4,2,1.1018135036791017,1.1018135036791017,1,1
installation,unigram,4,3,1.0693070080058085,1.0693070080058085,3,3
owner,unigram,1,1,1.055640530418228,1.055640530418228,1,1
kb,unigram,10,5,1.0533556452936765,1.0533556452936765,2,2
lite,unigram,5,5,1.0241930188852146,1.0241930188852146,3,3
mobile,unigram,7,3,1.0193987948884369,1.0193987948884369,3,3
pm setup,bigram,0,0,0.9905750556730708,0.9905750556730708,4,4
opportunity id,bigram,0,0,0.9813667230288502,0.9813667230288502,3,3
error,unigram,16,10,4.002370938765308,0.9596893113217326,2,1
call,unigram,5,5,2.6850425019607416,0.9473807123587561,5,2
pad,unigram,3,1,0.9417886288061522,0.9417886288061522,1,1
pm hi,bigram,0,0,3.8075227198773254,0.9017545664133038,8,4
plug,unigram,1,1,0.9016751006347011,0.9016751006347011,1,1
accounts,unigram,1,1,0.8803311629937016,0.8803311629937016,1,1
re starter,bigram,0,0,0.8774718642475416,0.8774718642475416,3,3
ad,unigram,16,10,4.072705313001179,0.8768728007683583,6,2
android,unigram,5,3,2.4676974519970996,0.8681922466561225,3,1
va,unigram,21,15,3.2107159489172714,0.8623586588633735,13,5
setup form,bigram,0,0,0.8432556380906572,0.8432556380906572,4,4
pc,unigram,14,11,3.672688254098973,0.8275427586316555,9,2
stand,unigram,5,5,0.8247209187083632,0.8247209187083632,5,5
codes,unigram,2,2,0.8120826862167134,0.8120826862167134,1,1
line manager,bigram,0,0,0.8027069315929364,0.8027069315929364,1,1
add user,bigram,0,0,0.7873189038619796,0.7873189038619796,1,1
access to,bigram,0,0,0.7843126130174116,0.7843126130174116,2,2
leads,unigram,5,3,0.7821727884719137,0.7821727884719137,1,1
disk,unigram,7,3,0.7713761936695853,0.7713761936695853,3,3
please,unigram,51,28,0.8159480822021123,0.7711755353647377,13,12
windows install,bigram,0,0,0.7664933421573796,0.7664933421573796,2,2
folders,unigram,1,1,0.7618038070870019,0.7618038070870019,1,1
name change,bigram,0,0,0.7612845477195592,0.7612845477195592,1,1
manager,unigram,10,7,1.6913702623161935,0.7607788577602176,3,1
log ticket,bigram,0,0,1.170334791296341,0.756990277135351,6,3
care,unigram,6,5,1.4792766679235723,0.7542945934388605,4,2
activation,unigram,2,1,0.7306912109222257,0.7306912109222257,1,1
re po,bigram,0,0,0.7232307151201969,0.7232307151201969,2,2
to,unigram,14,14,0.7378321847489435,0.7133440388115537,8,7
tv,unigram,6,4,1.1038021741096977,0.7089660077997435,4,3
main,unigram,2,2,0.7085768869977475,0.7085768869977475,1,1
pop,unigram,2,2,0.7008884488886076,0.7008884488886076,1,1
bucharest,unigram,5,5,4.065644265369552,0.6976005715648723,2,1
thank,unigram,34,27,1.0363741124924593,0.6688159413955254,11,10
blvd,unigram,13,13,1.0341697341510954,0.6521973527192085,8,5
docking,unigram,2,2,0.6359528172577158,0.6359528172577158,2,2
download,unigram,10,4,0.6355009499702047,0.6355009499702047,3,3
as,unigram,46,41,0.8244434647491912,0.6336758291478554,5,4
frankfurt main,bigram,0,0,0.6298792077008474,0.6298792077008474,1,1
change hi,bigram,0,0,0.6290977713714163,0.6290977713714163,2,2
setup has,bigram,0,0,0.6273106159068771,0.6273106159068771,2,2
executed,unigram,3,2,0.6129562704095382,0.6129562704095382,1,1
pop up,bigram,0,0,0.6111612710133332,0.6111612710133332,1,1
pm mailing,bigram,0,0,0.6088627443425594,0.6088627443425594,2,2
hardware,unigram,6,6,0.6083401466072899,0.6083401466072899,2,2
set up,bigram,0,0,0.6082445963832371,0.6082445963832371,1,1
not,unigram,5,5,0.7125246042320347,0.5987049747500511,3,2
tester,unigram,15,15,2.2051573734885426,0.596973612645733,11,3
known,unigram,1,1,0.5931267024458101,0.5931267024458101,1,1
rights,unigram,4,3,0.581779887330746,0.581779887330746,1,1
created,unigram,5,4,0.6797323297942537,0.578723198956697,4,3
notification,unigram,11,5,0.5739739328083826,0.5739739328083826,5,5
desktop,unigram,7,6,0.769065014148237,0.5679735189527503,6,5
endpoint,unigram,6,4,0.5602860418600164,0.5602860418600164,2,2
mailing list,bigram,0,0,0.5591773613850988,0.5591773613850988,4,4
via,unigram,7,6,0.8997407627404914,0.552169990438774,6,3
thursday,unigram,22,16,0.5867826800311801,0.5467356604430476,11,10
local,unigram,41,20,1.8379323092227007,0.5442029394205569,17,7
purchase po,bigram,0,0,0.5412568371668568,0.5412568371668568,2,2
dp,unigram,1,1,0.5360248069763917,0.5360248069763917,1,1
change for,bigram,0,0,0.5356988542445136,0.5356988542445136,2,2
get,unigram,5,5,0.752819675594434,0.5295543747732968,5,4
bogota,unigram,6,5,0.5237354002145377,0.517148990965516,5,3
po pm,bigram,0,0,0.5063313294454231,0.5063313294454231,2,2
rd,unigram,8,8,1.56910473974042,0.5004434454207909,7,3
dial,unigram,1,1,0.4900578942769548,0.4900578942769548,1,1
ne,unigram,5,3,1.201685888384005,0.48883953285861403,3,1
pm monitor,bigram,0,0,0.4773354694551206,0.4773354694551206,1,1
th,unigram,14,11,3.061027545166711,0.47464294070963514,4,1
para,unigram,289,198,1.2976047828557649,0.4727523825970003,165,48
set,unigram,3,3,0.46867637934087825,0.46867637934087825,1,1
sn,unigram,9,5,1.9455131597483253,0.46635499895505994,5,3
pas project,bigram,0,0,0.4571188239204194,0.4571188239204194,2,2
ref,unigram,10,10,0.4563996653460833,0.4563996653460833,6,6
tem,unigram,83,67,0.9546715905724534,0.45045444784195143,5,3
patch,unigram,1,1,0.4469763142141868,0.4469763142141868,1,1
environment,unigram,3,3,0.8360477736233076,0.4460281632232916,3,2
prod,unigram,4,2,0.44065682994679123,0.44065682994679123,2,2
date,unigram,8,3,0.4379679418528141,0.4379679418528141,2,2
log time,bigram,0,0,0.4246852294490874,0.4246852294490874,1,1
lead,unigram,16,13,1.7785247738545173,0.42261134621519497,12,4
software center,bigram,0,0,0.4154426110194833,0.4154426110194833,2,2
documentation,unigram,2,2,0.4068588966601122,0.4068588966601122,2,2
free,unigram,3,2,0.3941012423034186,0.3941012423034186,2,2
hub,unigram,46,37,1.8386649374821822,0.3905649217244523,31,9
wednesday,unigram,27,22,1.0825323586844036,0.3845933395932232,17,8
order install,bigram,0,0,0.3790631618400893,0.3790631618400893,1,1
update hello,bigram,0,0,0.37239289000735765,0.37239289000735765,1,1
mas,unigram,52,43,1.5589255082727753,0.37174389165861654,33,9
sa si,bigram,0,0,0.5217782684503589,0.36711660732361506,2,1
oracle hi,bigram,0,0,0.35643917320705587,0.35643917320705587,1,1
mr,unigram,6,4,0.40394306266912355,0.3551470410250561,4,3
pas thursday,bigram,0,0,0.35305547708558027,0.35305547708558027,2,2
workstation,unigram,2,1,0.34956143428472236,0.34956143428472236,1,1
data,unigram,65,46,0.5872898119467818,0.3455119077468767,5,3
virtual,unigram,5,5,0.6339794695821821,0.34513669890339516,4,2
off,unigram,8,6,0.9969646538695387,0.34301348308548224,5,1
updates,unigram,2,2,0.3425963087926691,0.3425963087926691,2,2
form hello,bigram,0,0,0.3385631114275419,0.3385631114275419,2,2
order,unigram,11,11,0.3392400973094467,0.33699505052532636,3,2
version upgrade,bigram,0,0,0.33433044433604964,0.33433044433604964,1,1
details,unigram,5,4,0.3331918960491854,0.3331918960491854,4,4
report,unigram,3,3,0.32883590035838695,0.32883590035838695,3,3
app,unigram,12,6,0.6256488307675672,0.3261409674806742,2,1
uploading,unigram,1,1,0.32305939857856825,0.32305939857856825,1,1
git git,bigram,0,0,0.4607032555387914,0.3193181666813172,2,1
new pas,bigram,0,0,0.3184763007742599,0.3184763007742599,2,2
pipeline hi,bigram,0,0,0.31826886518262265,0.31826886518262265,1,1
failed,unigram,2,2,0.3165330920427177,0.3165330920427177,2,2
dual,unigram,1,1,0.315821386644421,0.315821386644421,1,1
apple,unigram,1,1,0.3141219619883432,0.3141219619883432,1,1
setup for,bigram,0,0,0.31336628719996806,0.31336628719996806,1,1
build,unigram,4,2,0.31224426723439946,0.31224426723439946,2,2
portal,unigram,4,3,0.3944162230698506,0.31172820551492936,3,2
docs,unigram,4,2,0.3110890239942702,0.3110890239942702,2,2
pm add,bigram,0,0,0.3089395570333667,0.3089395570333667,1,1
for,unigram,20,15,0.40810213538764456,0.3056728992303611,11,9
mea,unigram,2,2,0.30014025211802725,0.30014025211802725,1,1
center,unigram,5,4,0.2942723433743037,0.2942723433743037,3,3
cannot,unigram,7,4,0.5364440884234032,0.29358800767892523,3,2
time oracle,bigram,0,0,0.2920673075574918,0.2920673075574918,1,1
reports,unigram,5,1,0.290811446312032,0.290811446312032,1,1
line management,bigram,0,0,0.2903584282985726,0.2903584282985726,1,1
engineer,unigram,13,12,0.45265666751276334,0.2894245175568032,8,5
map,unigram,2,1,0.28697286910750885,0.28697286910750885,1,1
display,unigram,2,2,0.5461505563666934,0.2845185951080006,2,1
excel,unigram,11,4,0.6220146270203943,0.28145880473317,3,2
bulk,unigram,5,2,0.28041367704091164,0.28041367704091164,2,2
request,unigram,10,10,0.3857338520822869,0.27943808555311367,5,4
want,unigram,4,4,0.42028620770693204,0.27646423720860713,4,3
view,unigram,18,10,0.3721418753866512,0.2764207971252183,7,4
upgrade hi,bigram,0,0,0.27380617594817536,0.27380617594817536,2,2
working,unigram,3,3,0.4728185000327546,0.27077980575323535,3,1
resolver,unigram,13,11,0.7359155529921441,0.26957350217810716,6,3
memory,unigram,1,1,0.26821180392426824,0.26821180392426824,1,1
ctrl alt,bigram,0,0,0.258622714127539,0.258622714127539,1,1
infra,unigram,7,3,0.2581243944767119,0.2581243944767119,1,1
gen,unigram,1,1,0.2577727570637698,0.2577727570637698,1,1
new purchase,bigram,0,0,0.25684220804822466,0.25684220804822466,2,2
entered,unigram,2,1,0.25508373976075,0.25508373976075,1,1
cum,unigram,3,3,0.6313609418392064,0.25489021142695445,3,1
changer,unigram,2,1,0.25468652774651923,0.25468652774651923,1,1
pm starter,bigram,0,0,0.2529490408351305,0.2529490408351305,1,1
check,unigram,4,4,0.2851333444891116,0.2516309774775242,3,2
la va,bigram,0,0,0.25155401727724674,0.25155401727724674,1,1
accessing,unigram,2,2,0.6387921012726927,0.2510061962043623,2,1
logs,unigram,2,1,0.25021971899677453,0.25021971899677453,1,1
nota,unigram,19,18,1.3027871716805226,0.24980413113798747,13,3
adding,unigram,2,2,0.24605115844922457,0.24605115844922457,1,1
br,unigram,8,6,0.6243496825794136,0.2432961433575276,6,2
templates,unigram,5,3,0.2423161729213114,0.2423161729213114,2,2
by,unigram,7,4,0.2417650415120046,0.2417650415120046,2,2
me,unigram,6,6,0.3913652035365387,0.23813908499969846,3,2
re notification,bigram,0,0,0.23718680719685054,0.23718680719685054,2,2
pot,unigram,1,1,0.23689785480375836,0.23689785480375836,1,1
bulk starter,bigram,0,0,0.2358441184726307,0.2358441184726307,2,2
backup,unigram,14,6,0.5137913944186574,0.23563468711222788,4,2
thursday pm,bigram,0,0,0.25701304263327707,0.23426155962500755,6,5
oracle hello,bigram,0,0,0.23306590281239659,0.23306590281239659,1,1
patch cord,bigram,0,0,0.23291643658018044,0.23291643658018044,1,1
leaver form,bigram,0,0,0.23096740428457183,0.23096740428457183,1,1
entering,unigram,3,1,0.2302613376071317,0.2302613376071317,1,1
code created,bigram,0,0,0.23024467605962287,0.23024467605962287,1,1
test,unigram,3,3,1.0123189244065007,0.2299726512326071,2,1
retina,unigram,2,2,0.22985431482278634,0.22985431482278634,2,2
pro retina,bigram,0,0,0.22922992282901403,0.22922992282901403,2,2
tools,unigram,1,1,0.22893977987731826,0.22893977987731826,1,1
filters,unigram,1,1,0.22800437479485217,0.22800437479485217,1,1
create user,bigram,0,0,0.2273700318912419,0.2273700318912419,1,1
alt delete,bigram,0,0,0.22711131153854228,0.22711131153854228,1,1
best,unigram,12,10,0.39564185486103565,0.22621710489432295,8,4
notification upgrade,bigram,0,0,0.22564035130220783,0.22564035130220783,2,2
module,unigram,2,1,0.22514615747086836,0.22514615747086836,1,1
create site,bigram,0,0,0.27058224428988475,0.22507883641464216,2,1
pm git,bigram,0,0,0.2223672931661146,0.2223672931661146,1,1
manager change,bigram,0,0,0.22155938535248387,0.22155938535248387,1,1
window,unigram,1,1,0.22064759544539872,0.22064759544539872,1,1
upgrade error,bigram,0,0,0.21966498172828886,0.21966498172828886,1,1
assigned,unigram,5,2,0.5683818835549387,0.21780928490776805,2,1
monitoring,unigram,3,1,0.21605133663048115,0.21605133663048115,1,1
wants share,bigram,0,0,0.21549428100370116,0.21549428100370116,1,1
fails,unigram,2,1,0.21482958883739373,0.21482958883739373,1,1
cord,unigram,1,1,0.21291588870242972,0.21291588870242972,1,1
management,unigram,2,2,0.2110743327748303,0.2110743327748303,2,2
opportunity issue,bigram,0,0,0.2109578528771829,0.2109578528771829,1,1
new project,bigram,0,0,0.21047342182868833,0.21047342182868833,1,1
want share,bigram,0,0,0.20810031459552947,0.20810031459552947,1,1
tuesday re,bigram,0,0,0.3027471627722612,0.20718852605018057,3,2
slack,unigram,3,1,0.20628742597978467,0.20628742597978467,1,1
install request,bigram,0,0,0.2061851219518507,0.2061851219518507,1,1
ref msg,bigram,0,0,0.2060142617936474,0.2060142617936474,4,4
nexus,unigram,3,2,0.20450382540717807,0.20450382540717807,1,1
thanks,unigram,25,19,0.41197981138896256,0.20436727899362558,6,4
mailing hello,bigram,0,0,0.20317401660575704,0.20317401660575704,1,1
with,unigram,1,1,0.20307562560427955,0.20307562560427955,1,1
issues hello,bigram,0,0,0.20103518777752125,0.20103518777752125,1,1
or,unigram,1,1,0.2004847555362771,0.2004847555362771,1,1
when,unigram,2,2,0.19963916247804384,0.19963916247804384,2,2
tests,unigram,3,2,0.1992388948698808,0.1992388948698808,2,2
cr,unigram,5,2,0.5780141755925545,0.19861443942336843,2,1
job,unigram,4,2,0.19707328275269123,0.19707328275269123,1,1
thread,unigram,4,3,0.2413780709658499,0.19699179709487785,3,2
ext hub,bigram,0,0,0.6458077770323852,0.19641994157622977,29,10
hi please,bigram,0,0,0.25192088067360224,0.1958639565051532,3,2
git hi,bigram,0,0,0.19551237872932495,0.19551237872932495,2,2
fie,unigram,2,2,0.19499768270152767,0.19499768270152767,1,1
upgrade hello,bigram,0,0,0.19482009722931287,0.19482009722931287,3,3
face,unigram,4,3,0.23746906453115355,0.19377765039873018,3,2
drop down,bigram,0,0,0.19363734173760655,0.19363734173760655,1,1
st,unigram,19,16,0.8363459773531716,0.19339667621673978,4,1
po hello,bigram,0,0,0.1931012004684691,0.1931012004684691,1,1
out,unigram,3,3,0.19293675073853758,0.19293675073853758,1,1
upgrade os,bigram,0,0,0.19153745727108373,0.19153745727108373,2,2
ctrl,unigram,2,2,0.18874013928622344,0.18874013928622344,1,1
below,unigram,5,4,0.25139984489454975,0.18814221849316398,3,2
drop,unigram,2,1,0.18780504813607424,0.18780504813607424,1,1
more,unigram,5,4,0.21554726083885484,0.1862496411295566,4,3
free drive,bigram,0,0,0.1858810387949942,0.1858810387949942,1,1
mobile mobile,bigram,0,0,0.18564025576470314,0.18564025576470314,1,1
mouse wireless,bigram,0,0,0.18446654104980412,0.18446654104980412,1,1
visible,unigram,2,2,0.18396705693786827,0.18396705693786827,1,1
real,unigram,4,3,0.5055261295501505,0.18343129394101743,3,1
sa,unigram,26,10,0.6599583105212,0.18326945849037665,2,1
forma,unigram,25,17,0.1826793240087387,0.1826793240087387,4,4
client hi,bigram,0,0,0.18241719279981003,0.18241719279981003,1,1
software tester,bigram,0,0,0.1802254309074982,0.1802254309074982,3,3
alt,unigram,2,2,0.2351951783096653,0.17879435601459615,2,1
help,unigram,13,11,0.17867722626638632,0.17867722626638632,7,7
headset,unigram,1,1,0.17301933448236728,0.17301933448236728,1,1
msg,unigram,11,10,0.1726424494744056,0.1726424494744056,4,4
please perform,bigram,0,0,0.1725330534004597,0.1725330534004597,1,1
forms,unigram,2,2,0.17252148376789656,0.17252148376789656,2,2
let thanks,bigram,0,0,0.17194556695449206,0.17194556695449206,1,1
starting,unigram,3,3,0.17000787615086616,0.17000787615086616,2,2
user to,bigram,0,0,0.16918255157374792,0.16918255157374792,1,1
host,unigram,4,4,0.8950599113925759,0.1690255067623159,3,1
fusion,unigram,10,2,0.1657382954532814,0.1657382954532814,1,1
notebook,unigram,1,1,0.16557420605948622,0.16557420605948622,1,1
thank lead,bigram,0,0,0.1654416851335195,0.1654416851335195,1,1
re client,bigram,0,0,0.16515313205789778,0.16515313205789778,1,1
requests,unigram,5,4,0.16476741464392888,0.16476741464392888,2,2
outage,unigram,1,1,0.16385510479393353,0.16385510479393353,1,1
starter center,bigram,0,0,0.1636284590580912,0.1636284590580912,1,1
infrastructure,unigram,2,1,0.1633472914947454,0.1633472914947454,1,1
book,unigram,1,1,0.16295864842151783,0.16295864842151783,1,1
git hello,bigram,0,0,0.16261891035773937,0.16261891035773937,1,1
note,unigram,15,14,0.7851734455309209,0.16163462627057865,13,6
head,unigram,7,7,0.16027568627341304,0.16027568627341304,1,1
order number,bigram,0,0,0.15774379249961937,0.15774379249961937,1,1
change to,bigram,0,0,0.15723065273424924,0.15723065273424924,1,1
post upgrade,bigram,0,0,0.1564296590577457,0.1564296590577457,1,1
blvd floor,bigram,0,0,0.37836965949906387,0.15638743076272268,2,1
pipeline please,bigram,0,0,0.15577065336906884,0.15577065336906884,1,1
apple pro,bigram,0,0,0.15535999513175153,0.15535999513175153,1,1
based,unigram,2,2,0.15497108885834723,0.15497108885834723,2,2
xxx,unigram,3,3,0.30974020072916186,0.15295452041595092,2,1
fusion post,bigram,0,0,0.15271899500236025,0.15271899500236025,1,1
on,unigram,5,5,0.6478618760545954,0.1522249882408394,5,2
digital,unigram,8,5,0.2837036396595447,0.15153899603412888,5,3
regular,unigram,3,2,0.5156866850898835,0.15083944899144278,2,1
priority,unigram,4,4,0.14935743116778158,0.14935743116778158,4,4
but,unigram,1,1,0.14935384643978983,0.14935384643978983,1,1
db,unigram,4,4,0.46292428209406017,0.14881414695991596,4,2
request thursday,bigram,0,0,0.14865286557960114,0.14865286557960114,1,1
original,unigram,7,4,0.511905803791885,0.1481876130525855,4,1
application,unigram,5,4,0.27397285628732804,0.14796321110075222,4,2
upgrade issues,bigram,0,0,0.14781706870453046,0.14781706870453046,1,1
task,unigram,3,3,0.1593139442686526,0.14728076549604102,2,1
link opportunity,bigram,0,0,0.14675096192303333,0.14675096192303333,1,1
sorry,unigram,2,2,0.3098174984331827,0.14572365866652134,2,1
request oracle,bigram,0,0,0.14547774320242063,0.14547774320242063,1,1
pm pipeline,bigram,0,0,0.14521526541337842,0.14521526541337842,1,1
access folder,bigram,0,0,0.1430962694187542,0.1430962694187542,1,1
perform,unigram,1,1,0.1429880630540137,0.1429880630540137,1,1
log installation,bigram,0,0,0.1422813022434671,0.1422813022434671,1,1
to share,bigram,0,0,0.14193825140709665,0.14193825140709665,1,1
extra ram,bigram,0,0,0.14179223388598652,0.14179223388598652,1,1
after,unigram,4,4,0.141614982859323,0.141614982859323,3,3
tuesday,unigram,19,14,0.49988660781198546,0.14008187994505092,11,4
ne sa,bigram,0,0,0.1397957074402564,0.1397957074402564,1,1
tests code,bigram,0,0,0.1397321565312327,0.1397321565312327,1,1
effort book,bigram,0,0,0.1397321565312327,0.1397321565312327,1,1
instruction,unigram,1,1,0.1393795443492139,0.1393795443492139,1,1
needed,unigram,1,1,0.13815111603660987,0.13815111603660987,1,1
loop,unigram,7,5,1.0130883980423284,0.13694232081278201,3,1
starter bogota,bigram,0,0,0.13597032767416373,0.13597032767416373,1,1
done,unigram,3,2,0.13508777223916035,0.13508777223916035,1,1
oracle pas,bigram,0,0,0.1342329496967852,0.1342329496967852,1,1
cheers,unigram,6,6,0.26143741621462824,0.13421861104851796,3,2
make,unigram,6,6,0.13410086916412087,0.13410086916412087,2,2
share access,bigram,0,0,0.1326532579563542,0.1326532579563542,1,1
console,unigram,2,2,0.13261232517226418,0.13261232517226418,2,2
code has,bigram,0,0,0.1325561517432532,0.1325561517432532,1,1
your,unigram,7,4,0.13232109072400633,0.13232109072400633,4,4
having,unigram,1,1,0.13168280452203415,0.13168280452203415,1,1
project code,bigram,0,0,0.13118371866286435,0.13118371866286435,1,1
release,unigram,7,2,0.13061674284525726,0.13061674284525726,2,2
setup hello,bigram,0,0,0.13057208564468012,0.13057208564468012,1,1
cum si,bigram,0,0,0.12898453220031944,0.12898453220031944,1,1
eel,unigram,1,1,0.1288002267067594,0.1288002267067594,1,1
upgrade failed,bigram,0,0,0.12664242593365574,0.12664242593365574,1,1
pm urgent,bigram,0,0,0.1264678611501745,0.1264678611501745,1,1
found,unigram,1,1,0.12526494327164214,0.12526494327164214,1,1
hey,unigram,4,4,0.1249597690315153,0.1249597690315153,1,1
mappings,unigram,2,1,0.12436941658703976,0.12436941658703976,1,1
starter hardware,bigram,0,0,0.12412806829875925,0.12412806829875925,1,1
description,unigram,2,1,0.12398747878634404,0.12398747878634404,1,1
id thank,bigram,0,0,0.12310358139865199,0.12310358139865199,1,1
he,unigram,2,2,0.1230980414076909,0.1230980414076909,1,1
to be,bigram,0,0,0.12305342761665526,0.12305342761665526,1,1
under,unigram,5,4,0.12239984404754461,0.12239984404754461,1,1
timecard issue,bigram,0,0,0.12043691111357743,0.12043691111357743,1,1
re setup,bigram,0,0,0.12015730976237456,0.12015730976237456,1,1
haven,unigram,5,5,0.11843777145499955,0.11843777145499955,3,3
upgrade software,bigram,0,0,0.11811177662691351,0.11811177662691351,2,2
setup please,bigram,0,0,0.11714596732566729,0.11714596732566729,1,1
ext en,bigram,0,0,0.23650574760343587,0.11623194010525706,4,2
code form,bigram,0,0,0.11572467076032344,0.11572467076032344,1,1
error when,bigram,0,0,0.1156281282702226,0.1156281282702226,1,1
etc,unigram,15,13,0.3581922232548269,0.11411209376694696,12,5
kind,unigram,14,13,0.13748537805625505,0.11375064616921379,6,5
ports,unigram,1,1,0.11364530779240303,0.11364530779240303,1,1
number,unigram,5,5,0.3533477488416751,0.11285378309804005,3,2
delete,unigram,3,3,0.461547417778862,0.11269520156876199,2,1
article,unigram,2,1,0.11254408593880084,0.11254408593880084,1,1
parte,unigram,26,18,0.5834568497331418,0.11187708237895541,12,3
july,unigram,22,12,0.11758919375345413,0.11142869210172691,7,3
developer,unigram,3,3,0.20008456287469892,0.11000268834529087,3,2
space,unigram,3,1,0.10954715351626455,0.10954715351626455,1,1
let,unigram,11,10,0.48089743110438066,0.1095109298584552,8,3
pm pm,bigram,0,0,0.5751920674288918,0.1093088854159429,2,1
status failed,bigram,0,0,0.10900873877455144,0.10900873877455144,1,1
july change,bigram,0,0,0.1084348900531568,0.1084348900531568,1,1
any,unigram,1,1,0.10791638160281074,0.10791638160281074,1,1
sites,unigram,5,5,0.383024669201398,0.10768214758319301,4,2
hi code,bigram,0,0,0.10741136557321516,0.10741136557321516,1,1
backups,unigram,3,2,0.2847421617792432,0.10659442200166036,2,1
users ad,bigram,0,0,0.10617207566651904,0.10617207566651904,1,1
th floor,bigram,0,0,0.3703174367018133,0.10470575175985676,3,1
support,unigram,3,3,0.25802356009712624,0.1036279923868689,3,2
calc,unigram,1,1,0.1034778728390871,0.1034778728390871,1,1
creating,unigram,1,1,0.1025458177566583,0.1025458177566583,1,1
perform order,bigram,0,0,0.1023088752988704,0.1023088752988704,1,1
agile,unigram,3,3,0.32933338048866256,0.10218083433158352,3,1
extra,unigram,3,2,0.10172203425854717,0.10172203425854717,1,1
apply,unigram,1,1,0.10159153227481421,0.10159153227481421,1,1
following,unigram,3,3,0.1010854811986929,0.1010854811986929,2,2
issue,unigram,6,3,0.10071001579905133,0.10071001579905133,1,1
not visible,bigram,0,0,0.10038593386037642,0.10038593386037642,1,1
value,unigram,1,1,0.10027043645179257,0.10027043645179257,1,1
links,unigram,9,7,1.4811818978608216,0.09942714572787359,7,1
open,unigram,3,3,0.09913618904530432,0.09913618904530432,1,1
need access,bigram,0,0,0.09837832222485478,0.09837832222485478,1,1
hello guys,bigram,0,0,0.09826212875775582,0.09826212875775582,1,1
pipelines hi,bigram,0,0,0.09804880630742133,0.09804880630742133,1,1
asap,unigram,8,8,0.11855075704684157,0.09793123550036686,3,2
tasks,unigram,3,2,0.09756256878038856,0.09756256878038856,2,2
be,unigram,8,7,0.17819012197915024,0.09746953382112085,5,4
type hub,bigram,0,0,0.09596490455576692,0.09596490455576692,1,1
hello please,bigram,0,0,0.09575146838762685,0.09575146838762685,1,1
package,unigram,1,1,0.09570267765173958,0.09570267765173958,1,1
tuesday pm,bigram,0,0,0.10252241919517935,0.09535360177464167,3,2
enable,unigram,1,1,0.09506136014065043,0.09506136014065043,1,1
not available,bigram,0,0,0.09470911467715351,0.09470911467715351,1,1
please enable,bigram,0,0,0.0944271586895042,0.0944271586895042,1,1
laptop en,bigram,0,0,0.09437362481070981,0.09437362481070981,1,1
thank director,bigram,0,0,0.0937491824509733,0.0937491824509733,1,1
engineer thursday,bigram,0,0,0.09287535214347403,0.09287535214347403,1,1
for oracle,bigram,0,0,0.09174695848792416,0.09174695848792416,1,1
po purchase,bigram,0,0,0.09157147120533606,0.09157147120533606,2,2
registered,unigram,3,2,0.17041917761174186,0.09148293178115939,2,1
has by,bigram,0,0,0.09081815363170699,0.09081815363170699,1,1
area hello,bigram,0,0,0.09059478474958202,0.09059478474958202,1,1
form link,bigram,0,0,0.09005572063751034,0.09005572063751034,2,2
version thank,bigram,0,0,0.08974942834319534,0.08974942834319534,1,1
bun,unigram,4,3,0.285162462645175,0.08968737573269496,3,1
push,unigram,1,1,0.08949176326849069,0.08949176326849069,1,1
upgrade re,bigram,0,0,0.0879335523005669,0.0879335523005669,1,1
help creating,bigram,0,0,0.08712289021264373,0.08712289021264373,1,1
front,unigram,1,1,0.08659798319697698,0.08659798319697698,1,1
please let,bigram,0,0,0.08642827657447368,0.08642827657447368,1,1
please link,bigram,0,0,0.08639799498055517,0.08639799498055517,1,1
client level,bigram,0,0,0.08501103749546728,0.08501103749546728,1,1
trying,unigram,1,1,0.08477856009497901,0.08477856009497901,1,1
you,unigram,2,1,0.08475607129718804,0.08475607129718804,1,1
program,unigram,1,1,0.08475606616412525,0.08475606616412525,1,1
floor blvd,bigram,0,0,0.14846205798892909,0.08441305870006578,2,1
date date,bigram,0,0,0.08414647137817433,0.08414647137817433,1,1
trio,unigram,2,2,0.13378400532756562,0.08399991039354375,2,1
looking,unigram,3,3,0.08397962497775893,0.08397962497775893,1,1
growth,unigram,1,1,0.08357709769718999,0.08357709769718999,1,1
client code,bigram,0,0,0.08348029405655272,0.08348029405655272,1,1
only,unigram,2,2,0.08344063292414762,0.08344063292414762,1,1
project management,bigram,0,0,0.08328096935568172,0.08328096935568172,1,1
current code,bigram,0,0,0.08319785483838926,0.08319785483838926,1,1
re pipeline,bigram,0,0,0.08301624779935904,0.08301624779935904,1,1
and pas,bigram,0,0,0.08257105975989629,0.08257105975989629,1,1
bellow,unigram,2,2,0.08251248120794348,0.08251248120794348,1,1
director,unigram,1,1,0.0823771909591169,0.0823771909591169,1,1
ll,unigram,1,1,0.08232442525467942,0.08232442525467942,1,1
lo,unigram,9,9,0.47992087785687215,0.0823067938424726,8,2
explorer,unigram,2,1,0.08166518310107403,0.08166518310107403,1,1
information,unigram,5,5,0.3233157005770403,0.0808394445572431,4,2
wednesday october,bigram,0,0,0.07976919244553755,0.07976919244553755,1,1
migration,unigram,4,2,0.07969964271348105,0.07969964271348105,1,1
win update,bigram,0,0,0.07923951011197462,0.07923951011197462,1,1
growth please,bigram,0,0,0.0792056872647913,0.0792056872647913,1,1
by hello,bigram,0,0,0.07896072723111407,0.07896072723111407,1,1
token,unigram,5,3,0.09341237208466599,0.07864468240359529,3,1
down,unigram,3,2,0.07858548363896221,0.07858548363896221,1,1
care la,bigram,0,0,0.07806471463472496,0.07806471463472496,1,1
la care,bigram,0,0,0.07759358718640408,0.07759358718640408,1,1
sip,unigram,1,1,0.07753330383075525,0.07753330383075525,1,1
option not,bigram,0,0,0.07716053528428769,0.07716053528428769,1,1
hello add,bigram,0,0,0.07710011976815383,0.07710011976815383,1,1
marketing,unigram,5,5,0.20421500549376248,0.07678546127458158,5,2
assist,unigram,3,3,0.14039769158290713,0.07665668172499943,2,1
name priority,bigram,0,0,0.07635845447351648,0.07635845447351648,1,1
march user,bigram,0,0,0.07593855134523014,0.07593855134523014,1,1
commit,unigram,1,1,0.07587588263840368,0.07587588263840368,1,1
both,unigram,1,1,0.07584343603414365,0.07584343603414365,1,1
thank thank,bigram,0,0,0.07560791892757605,0.07560791892757605,2,2
management change,bigram,0,0,0.07556986863476318,0.07556986863476318,1,1
thank kind,bigram,0,0,0.07540671267745672,0.07540671267745672,1,1
dec,unigram,2,2,0.07530254043734949,0.07530254043734949,1,1
de mea,bigram,0,0,0.07438452315600333,0.07438452315600333,1,1
notification fusion,bigram,0,0,0.07435074722278726,0.07435074722278726,1,1
other details,bigram,0,0,0.07428056942223446,0.07428056942223446,1,1
period,unigram,2,1,0.07356402819125403,0.07356402819125403,1,1
re hi,bigram,0,0,0.6855048127603345,0.0735333392043125,5,1
analyst ext,bigram,0,0,0.07291494772139223,0.07291494772139223,1,1
available,unigram,4,4,0.07229868725229219,0.07229868725229219,4,4
upgrade release,bigram,0,0,0.07228637788284337,0.07228637788284337,2,2
client pipeline,bigram,0,0,0.0720980730329508,0.0720980730329508,1,1
sd,unigram,3,3,0.13334085440113674,0.07193379974901448,3,1
level,unigram,1,1,0.07166977137393471,0.07166977137393471,1,1
requested,unigram,2,1,0.07157985967342277,0.07157985967342277,1,1
take,unigram,6,5,0.07155402767155018,0.07155402767155018,1,1
roaming,unigram,2,2,0.07116353968033194,0.07116353968033194,2,2
re name,bigram,0,0,0.07105852830029921,0.07105852830029921,1,1
assigned to,bigram,0,0,0.07287984952489977,0.070907624125258,2,1
can,unigram,3,2,0.07057353946856992,0.07057353946856992,1,1
closed,unigram,1,1,0.07039596489206122,0.07039596489206122,1,1
tutorial,unigram,5,5,0.1477146564505537,0.07037199513460178,4,2
notice,unigram,1,1,0.06991015831208552,0.06991015831208552,1,1
ext thursday,bigram,0,0,0.06940233259025101,0.06940233259025101,1,1
wednesday pm,bigram,0,0,0.23243864780414564,0.06922460183086515,8,4
la upgrade,bigram,0,0,0.06921908948947803,0.06921908948947803,1,1
october,unigram,12,11,0.21095197976544527,0.06908266347258882,8,1
tip,unigram,1,1,0.06886088672418446,0.06886088672418446,1,1
has assigned,bigram,0,0,0.07924129270966904,0.06885481941170007,2,1
senior,unigram,8,6,0.06867180880386752,0.06867180880386752,1,1
change name,bigram,0,0,0.06860938463500998,0.06860938463500998,1,1
results,unigram,2,2,0.14547351667947755,0.06837705748420442,2,1
please consider,bigram,0,0,0.06835426177711501,0.06835426177711501,2,2
for client,bigram,0,0,0.06824963171887918,0.06824963171887918,1,1
checked,unigram,4,4,0.10301720563422317,0.06821614696077806,3,2
want add,bigram,0,0,0.06801151755431116,0.06801151755431116,1,1
hello cannot,bigram,0,0,0.06798357698043057,0.06798357698043057,1,1
pas access,bigram,0,0,0.06790192307767523,0.06790192307767523,1,1
her,unigram,3,2,0.06752510827917263,0.06752510827917263,1,1
pm job,bigram,0,0,0.0669527170372782,0.0669527170372782,1,1
application engineer,bigram,0,0,0.06627868663967851,0.06627868663967851,1,1
protocol port,bigram,0,0,0.06606941433196262,0.06606941433196262,1,1
hi thanks,bigram,0,0,0.06545174151968582,0.06545174151968582,1,1
priority thanks,bigram,0,0,0.06539037116157585,0.06539037116157585,1,1
mins,unigram,1,1,0.06511259607690166,0.06511259607690166,1,1
user needed,bigram,0,0,0.06470323478586328,0.06470323478586328,1,1
pm hello,bigram,0,0,1.5716623942075634,0.06465706719863144,3,1
browse,unigram,1,1,0.06432805599271155,0.06432805599271155,1,1
git com,bigram,0,0,0.06431665425483987,0.06431665425483987,1,1
require,unigram,1,1,0.06426264846155877,0.06426264846155877,1,1
minutes,unigram,1,1,0.06379248705097476,0.06379248705097476,1,1
fusion timecard,bigram,0,0,0.06362762289844277,0.06362762289844277,1,1
automation,unigram,2,1,0.06349958902079535,0.06349958902079535,1,1
va ca,bigram,0,0,0.06345097189856286,0.06345097189856286,1,1
sc,unigram,2,2,0.06233743162267107,0.06233743162267107,1,1
ne si,bigram,0,0,0.12349416036873692,0.062309804307964435,2,1
ms,unigram,3,3,0.3439673912422577,0.062093956047307976,3,1
space drive,bigram,0,0,0.061612874833110856,0.061612874833110856,1,1
view effort,bigram,0,0,0.061403496897773684,0.061403496897773684,1,1
thanks kind,bigram,0,0,0.061324070087787244,0.061324070087787244,1,1
issue hi,bigram,0,0,0.0612489475855252,0.0612489475855252,1,1
engineer infrastructure,bigram,0,0,0.06121670082693063,0.06121670082693063,1,1
deep,unigram,1,1,0.06089064728997682,0.06089064728997682,1,1
ones,unigram,2,2,0.06075509687223735,0.06075509687223735,1,1
pm visual,bigram,0,0,0.06050850536775268,0.06050850536775268,1,1
hi trying,bigram,0,0,0.06044424372934267,0.06044424372934267,1,1
flash,unigram,1,1,0.060370332780635964,0.060370332780635964,1,1
plus,unigram,1,1,0.05998050959004066,0.05998050959004066,1,1
form please,bigram,0,0,0.059661671364044294,0.059661671364044294,1,1
than,unigram,9,3,0.05963230971041637,0.05963230971041637,1,1
help please,bigram,0,0,0.05952795678898695,0.05952795678898695,2,2
desktop client,bigram,0,0,0.05937421039335467,0.05937421039335467,1,1
message,unigram,2,2,0.058611729393930785,0.058611729393930785,1,1
similar,unigram,1,1,0.05814367954350566,0.05814367954350566,1,1
infrastructure engineer,bigram,0,0,0.057936691552918376,0.057936691552918376,1,1
assigned hello,bigram,0,0,0.05787246384660575,0.05787246384660575,1,1
salvo,unigram,6,4,0.1184463145892583,0.057514099125182544,4,2
ad rights,bigram,0,0,0.05740361786596606,0.05740361786596606,1,1
use,unigram,2,2,0.08998794593279258,0.05738872487053969,2,1
and,unigram,4,4,0.05723102376609754,0.05723102376609754,1,1
same has,bigram,0,0,0.05696214780624003,0.05696214780624003,1,1
null,unigram,3,3,0.05643143683290414,0.05643143683290414,2,2
impact,unigram,1,1,0.05617348562279734,0.05617348562279734,1,1
design,unigram,5,5,0.3175710714527696,0.05575582100862576,3,1
hello everyone,bigram,0,0,0.05544621123635213,0.05544621123635213,1,1
led,unigram,1,1,0.05542193273723633,0.05542193273723633,1,1
intel,unigram,1,1,0.05541886203560713,0.05541886203560713,1,1
about,unigram,1,1,0.05519349168115149,0.05519349168115149,1,1
hi create,bigram,0,0,0.055045434680849784,0.055045434680849784,1,1
fine,unigram,1,1,0.05495434408019584,0.05495434408019584,1,1
order implement,bigram,0,0,0.05489307702449884,0.05489307702449884,1,1
request for,bigram,0,0,0.05486753076854469,0.05486753076854469,1,1
hours entered,bigram,0,0,0.05477478290163031,0.05477478290163031,1,1
re hello,bigram,0,0,0.38510595798436187,0.05412240071020617,2,1
by tutorial,bigram,0,0,0.05407083338886514,0.05407083338886514,1,1
response,unigram,2,1,0.05391765548867014,0.05391765548867014,1,1
your zone,bigram,0,0,0.053914648261558645,0.053914648261558645,1,1
article kb,bigram,0,0,0.053528428023721125,0.053528428023721125,1,1
description details,bigram,0,0,0.05327725855621233,0.05327725855621233,1,1
image,unigram,5,3,0.053266370855484024,0.053266370855484024,1,1
consider environment,bigram,0,0,0.05311010026657925,0.05311010026657925,2,2
experience,unigram,2,2,0.052957946521146236,0.052957946521146236,2,2
pas july,bigram,0,0,0.05269537745100567,0.05269537745100567,1,1
july pm,bigram,0,0,0.3605279885831533,0.05267659414714905,4,1
medium has,bigram,0,0,0.05263127089958226,0.05263127089958226,1,1
update issues,bigram,0,0,0.052477422579242865,0.052477422579242865,1,1
sn ref,bigram,0,0,0.05208157267193289,0.05208157267193289,1,1
free disk,bigram,0,0,0.05198501493277218,0.05198501493277218,1,1
link la,bigram,0,0,0.051877460502080384,0.051877460502080384,1,1
with error,bigram,0,0,0.05180492895222513,0.05180492895222513,1,1
solution,unigram,4,3,0.05137553424093499,0.05137553424093499,1,1
laptop hi,bigram,0,0,0.05120012929232629,0.05120012929232629,1,1
oracle for,bigram,0,0,0.05073370239721307,0.05073370239721307,1,1
laptop hello,bigram,0,0,0.050728610911724016,0.050728610911724016,1,1
side,unigram,3,3,0.10830819010006332,0.050662816503081104,2,1
by please,bigram,0,0,0.05064916065592811,0.05064916065592811,1,1
thank you,bigram,0,0,0.05047569656088137,0.05047569656088137,1,1
access after,bigram,0,0,0.0504683796555757,0.0504683796555757,1,1
validation,unigram,6,2,0.0643447979780569,0.050413428413070574,2,1
mailing owner,bigram,0,0,0.05041043117149997,0.05041043117149997,1,1
task sequence,bigram,0,0,0.05031014843244543,0.05031014843244543,1,1
make change,bigram,0,0,0.05023440155191807,0.05023440155191807,1,1
oracle access,bigram,0,0,0.05017072970053146,0.05017072970053146,1,1
fast,unigram,1,1,0.0501504828104752,0.0501504828104752,1,1
after pm,bigram,0,0,0.050149545539132936,0.050149545539132936,1,1
unit,unigram,1,1,0.04984696659268448,0.04984696659268448,1,1
merci,unigram,4,4,0.35754148825611004,0.04965023715087099,3,1
view article,bigram,0,0,0.04941885618613605,0.04941885618613605,1,1
update la,bigram,0,0,0.09643252580308694,0.04924525841590272,2,1
project set,bigram,0,0,0.04915772554286443,0.04915772554286443,1,1
your help,bigram,0,0,0.04875165778056408,0.04875165778056408,1,1
notification windows,bigram,0,0,0.048749218665583106,0.048749218665583106,1,1
interface,unigram,2,2,0.2517166878409563,0.04853150521866574,2,1
need,unigram,3,3,0.04846928045335617,0.04846928045335617,1,1
disk free,bigram,0,0,0.048268053217955215,0.048268053217955215,1,1
available sc,bigram,0,0,0.04818277647005073,0.04818277647005073,1,1
close code,bigram,0,0,0.048155510027459186,0.048155510027459186,1,1
right,unigram,2,2,0.04813856491402553,0.04813856491402553,2,2
re version,bigram,0,0,0.04813123967658814,0.04813123967658814,1,1
completed setup,bigram,0,0,0.04803596473063752,0.04803596473063752,1,1
th th,bigram,0,0,0.04802361282971695,0.04802361282971695,1,1
area importance,bigram,0,0,0.047861956642540095,0.047861956642540095,1,1
opportunity created,bigram,0,0,0.04725318374895513,0.04725318374895513,1,1
kb view,bigram,0,0,0.046527105779030326,0.046527105779030326,1,1
form pas,bigram,0,0,0.046263114034219704,0.046263114034219704,1,1
files from,bigram,0,0,0.0461056815990938,0.0461056815990938,1,1
linked,unigram,2,2,0.08927716740438403,0.04583826369535608,2,1
feedback sn,bigram,0,0,0.04571438917880495,0.04571438917880495,1,1
tasks details,bigram,0,0,0.04460991469112725,0.04460991469112725,1,1
for period,bigram,0,0,0.044381183210561746,0.044381183210561746,1,1
everyone,unigram,1,1,0.04417191083093339,0.04417191083093339,1,1
these,unigram,1,1,0.04413647153737313,0.04413647153737313,1,1
pm module,bigram,0,0,0.043819736061218105,0.043819736061218105,1,1
sequence,unigram,1,1,0.04364952042829216,0.04364952042829216,1,1
lower,unigram,1,1,0.04347741000262524,0.04347741000262524,1,1
rollout,unigram,1,1,0.04333332480011421,0.04333332480011421,1,1
number by,bigram,0,0,0.04332066853176527,0.04332066853176527,1,1
have,unigram,6,2,0.04302275567485682,0.04302275567485682,1,1
actions,unigram,2,2,0.1305621894537718,0.043018556308997584,2,1
developed,unigram,1,1,0.04295396215150918,0.04295396215150918,1,1
kindest,unigram,1,1,0.04282011298640961,0.04282011298640961,1,1
hello leaver,bigram,0,0,0.04266503144292204,0.04266503144292204,1,1
download files,bigram,0,0,0.042415889368833205,0.042415889368833205,1,1
protocol,unigram,1,1,0.042193982224451525,0.042193982224451525,1,1
short description,bigram,0,0,0.04212047907807385,0.04212047907807385,1,1
natal,unigram,2,2,0.0420018889311395,0.0420018889311395,1,1
effort,unigram,1,1,0.041932834163208976,0.041932834163208976,1,1
can be,bigram,0,0,0.04191573622588866,0.04191573622588866,1,1
affected,unigram,1,1,0.04184386524301123,0.04184386524301123,1,1
has,unigram,21,11,0.0837085787613742,0.04152979624752351,8,6
proxy,unigram,1,1,0.04135174756772587,0.04135174756772587,1,1
host name,bigram,0,0,0.04132891062786602,0.04132891062786602,1,1
ask,unigram,1,1,0.04107440314944281,0.04107440314944281,1,1
environment print,bigram,0,0,0.040564015194274945,0.040564015194274945,1,1
description setup,bigram,0,0,0.04047562364187419,0.04047562364187419,1,1
head ext,bigram,0,0,0.072881790724297,0.040436104473197114,2,1
se face,bigram,0,0,0.040347424204921836,0.040347424204921836,1,1
client hello,bigram,0,0,0.03993112852042564,0.03993112852042564,1,1
for new,bigram,0,0,0.03985206026845287,0.03985206026845287,1,1
starting kind,bigram,0,0,0.03978015908262347,0.03978015908262347,1,1
report forms,bigram,0,0,0.03969045719543848,0.03969045719543848,1,1
need be,bigram,0,0,0.03966292243101254,0.03966292243101254,1,1
issues related,bigram,0,0,0.03960387567549038,0.03960387567549038,1,1
endpoint tools,bigram,0,0,0.039447687947470306,0.039447687947470306,1,1
ext re,bigram,0,0,0.10186254317831141,0.039375639163839474,3,1
tests view,bigram,0,0,0.03893705322539375,0.03893705322539375,1,1
md,unigram,1,1,0.038450036399604016,0.038450036399604016,1,1
en ext,bigram,0,0,0.03840699293056977,0.03840699293056977,1,1
backup hello,bigram,0,0,0.0383829477576673,0.0383829477576673,1,1
folders have,bigram,0,0,0.03819613838454201,0.03819613838454201,1,1
deep cool,bigram,0,0,0.03777521082297462,0.03777521082297462,1,1
pot face,bigram,0,0,0.0377267489953549,0.0377267489953549,1,1
update version,bigram,0,0,0.03749417032837582,0.03749417032837582,1,1
migrated,unigram,3,1,0.03726862397752923,0.03726862397752923,1,1
menu,unigram,14,11,0.15859387765753277,0.0371832976416755,8,1
dos,unigram,14,12,0.1972995201402893,0.03707023345963949,11,3
setup pm,bigram,0,0,0.0368627350443255,0.0368627350443255,1,1
pm pipelines,bigram,0,0,0.03678888934454238,0.03678888934454238,1,1
number has,bigram,0,0,0.03664340696692082,0.03664340696692082,1,1
applications,unigram,1,1,0.03613847498339794,0.03613847498339794,1,1
failed with,bigram,0,0,0.03566782206480996,0.03566782206480996,1,1
pm joiner,bigram,0,0,0.035615357330300385,0.035615357330300385,1,1
connect thank,bigram,0,0,0.035356327470730385,0.035356327470730385,1,1
thursday october,bigram,0,0,0.03522724274477949,0.03522724274477949,1,1
log migration,bigram,0,0,0.03482649082388175,0.03482649082388175,1,1
access share,bigram,0,0,0.03478402423182686,0.03478402423182686,1,1
he client,bigram,0,0,0.034659664704976854,0.034659664704976854,1,1
please id,bigram,0,0,0.034590425707403755,0.034590425707403755,1,1
provide short,bigram,0,0,0.034372790324452805,0.034372790324452805,1,1
updated,unigram,2,2,0.03435605998537709,0.03435605998537709,1,1
tester mobile,bigram,0,0,0.03424831554666541,0.03424831554666541,1,1
cool,unigram,1,1,0.03417080729231991,0.03417080729231991,1,1
ops wireless,bigram,0,0,0.03405754670011642,0.03405754670011642,1,1
beta,unigram,1,1,0.03400637369457789,0.03400637369457789,1,1
port number,bigram,0,0,0.033694166532126715,0.033694166532126715,1,1
install version,bigram,0,0,0.033521482003922735,0.033521482003922735,1,1
completed,unigram,3,3,0.03337639533518813,0.03337639533518813,2,2
relevant,unigram,2,2,0.08022812846819613,0.03300199645311325,2,1
take care,bigram,0,0,0.032932371810261964,0.032932371810261964,1,1
consider,unigram,2,2,0.03290192934400778,0.03290192934400778,2,2
high hello,bigram,0,0,0.032900657317884684,0.032900657317884684,2,2
been by,bigram,0,0,0.032696304907605014,0.032696304907605014,1,1
head applications,bigram,0,0,0.032478564459545195,0.032478564459545195,1,1
pm client,bigram,0,0,0.03226545553674817,0.03226545553674817,1,1
re tickets,bigram,0,0,0.032022745734107017,0.032022745734107017,1,1
oracle and,bigram,0,0,0.03197693836865753,0.03197693836865753,1,1
two,unigram,1,1,0.031699403075056365,0.031699403075056365,1,1
disk space,bigram,0,0,0.03156259237811753,0.03156259237811753,1,1
ex,unigram,2,2,0.20577283833067003,0.0315458741946717,2,1
details please,bigram,0,0,0.031519733194018504,0.031519733194018504,1,1
de pm,bigram,0,0,0.03148558638956701,0.03148558638956701,1,1
notes,unigram,4,4,0.03147808989494673,0.03147808989494673,1,1
process,unigram,1,1,0.0313811416255122,0.0313811416255122,1,1
inca,unigram,2,2,0.04234220001150889,0.03132496011460898,2,1
ext date,bigram,0,0,0.03130107758881396,0.03130107758881396,1,1
pipeline pas,bigram,0,0,0.031282160455354244,0.031282160455354244,1,1
access for,bigram,0,0,0.031227609006293563,0.031227609006293563,1,1
any please,bigram,0,0,0.031100623710464664,0.031100623710464664,1,1
backup pm,bigram,0,0,0.03078874883094564,0.03078874883094564,1,1
form thank,bigram,0,0,0.030546741458027764,0.030546741458027764,1,1
intel plus,bigram,0,0,0.030467453283950473,0.030467453283950473,1,1
notification outage,bigram,0,0,0.03023106048354135,0.03023106048354135,1,1
client help,bigram,0,0,0.03023066062849399,0.03023066062849399,1,1
find,unigram,2,2,0.030097687976131438,0.030097687976131438,2,2
id ad,bigram,0,0,0.029908960197765146,0.029908960197765146,1,1
getting,unigram,1,1,0.029834281324635,0.029834281324635,1,1
show,unigram,2,2,0.03819230340407603,0.029792987779113878,2,1
update package,bigram,0,0,0.029381310149641474,0.029381310149641474,1,1
completed starting,bigram,0,0,0.029134972280790757,0.029134972280790757,1,1
contract hours,bigram,0,0,0.02902864006656412,0.02902864006656412,1,1
mobile en,bigram,0,0,0.02895484515488829,0.02895484515488829,1,1
re known,bigram,0,0,0.028931549774940706,0.028931549774940706,1,1
accounts order,bigram,0,0,0.02881657269749579,0.02881657269749579,1,1
help kind,bigram,0,0,0.028659258158049154,0.028659258158049154,1,1
hosting,unigram,3,3,0.06822150009588591,0.028602265016758135,3,1
blockers,unigram,1,1,0.02857559298180596,0.02857559298180596,1,1
data thursday,bigram,0,0,0.028428083487156933,0.028428083487156933,1,1
think,unigram,2,2,0.02831256305948405,0.02831256305948405,1,1
rom,unigram,2,2,0.027741406115038596,0.027741406115038596,1,1
review,unigram,4,3,0.027737855343655526,0.027737855343655526,2,2
to mailing,bigram,0,0,0.027728032869821034,0.027728032869821034,1,1
on new,bigram,0,0,0.027671840246616827,0.027671840246616827,1,1
same,unigram,1,1,0.027480690110981688,0.027480690110981688,1,1
hi guys,bigram,0,0,0.03726394194136595,0.027374860922382414,2,1
mon,unigram,1,1,0.027115268650756568,0.027115268650756568,1,1
relevant add,bigram,0,0,0.026923514737250943,0.026923514737250943,1,1
updates done,bigram,0,0,0.02682197619810894,0.02682197619810894,1,1
assignation,unigram,2,1,0.0265259789265542,0.0265259789265542,1,1
have access,bigram,0,0,0.025890386210713472,0.025890386210713472,1,1
colleges,unigram,1,1,0.02585976538581903,0.02585976538581903,1,1
while,unigram,2,2,0.025843173998010588,0.025843173998010588,2,2
record number,bigram,0,0,0.025243324701372773,0.025243324701372773,1,1
also,unigram,6,6,0.0860313902394623,0.025198087178870152,3,1
notification oracle,bigram,0,0,0.02509134280671823,0.02509134280671823,1,1
sequence upgrade,bigram,0,0,0.025075628790088216,0.025075628790088216,1,1
hi checked,bigram,0,0,0.025034282394821566,0.025034282394821566,1,1
pas setup,bigram,0,0,0.024948681557367645,0.024948681557367645,2,2
backup files,bigram,0,0,0.024944873878845215,0.024944873878845215,1,1
wait,unigram,1,1,0.02482264771103047,0.02482264771103047,1,1
address blvd,bigram,0,0,0.024564047028478513,0.024564047028478513,1,1
hi good,bigram,0,0,0.024448029419929518,0.024448029419929518,1,1
senior engineer,bigram,0,0,0.024348224159514948,0.024348224159514948,1,1
ones senior,bigram,0,0,0.02409489066372838,0.02409489066372838,1,1
upgrade version,bigram,0,0,0.023992807823445973,0.023992807823445973,1,1
mob,unigram,7,6,0.21237006082118745,0.02399088905113246,5,1
studio hello,bigram,0,0,0.023952093790755195,0.023952093790755195,1,1
details take,bigram,0,0,0.023895889028431528,0.023895889028431528,1,1
upload reports,bigram,0,0,0.023891746780819373,0.023891746780819373,1,1
push out,bigram,0,0,0.023827482809331512,0.023827482809331512,1,1
hello summary,bigram,0,0,0.02381305085417396,0.02381305085417396,1,1
new location,bigram,0,0,0.02364934936786359,0.02364934936786359,1,1
applications en,bigram,0,0,0.023588074954947292,0.023588074954947292,1,1
help investigating,bigram,0,0,0.02341041528295336,0.02341041528295336,1,1
for can,bigram,0,0,0.023360262125060625,0.023360262125060625,1,1
please more,bigram,0,0,0.023203063552068092,0.023203063552068092,1,1
po re,bigram,0,0,0.02302393823396162,0.02302393823396162,2,2
design lead,bigram,0,0,0.13108814197323815,0.023015090596185485,3,1
post,unigram,7,1,0.022983578490809196,0.022983578490809196,1,1
zone,unigram,2,2,0.030582711709270537,0.022966677137919563,2,1
starter maxim,bigram,0,0,0.022894720756698617,0.022894720756698617,1,1
web,unigram,5,5,0.10404833130894241,0.022815193995709127,4,1
final,unigram,14,10,0.2926151541232329,0.022755868563092686,8,1
or operator,bigram,0,0,0.022626229972128174,0.022626229972128174,1,1
managed,unigram,3,3,0.022494692653234824,0.022494692653234824,1,1
review details,bigram,0,0,0.022487087330581676,0.022487087330581676,1,1
please re,bigram,0,0,0.022432755426702478,0.022432755426702478,1,1
ignore,unigram,2,2,0.022371331117481623,0.022371331117481623,2,2
tablets,unigram,1,1,0.022242680881666414,0.022242680881666414,1,1
checked please,bigram,0,0,0.02218679429441668,0.02218679429441668,1,1
la la,bigram,0,0,0.03856575721382925,0.021726790777156637,2,1
thank senior,bigram,0,0,0.021715413514619995,0.021715413514619995,1,1
wednesday july,bigram,0,0,0.02159851792139244,0.02159851792139244,1,1
bogota bogota,bigram,0,0,0.021584037112832126,0.021584037112832126,1,1
information contact,bigram,0,0,0.021530134789255476,0.021530134789255476,1,1
re errors,bigram,0,0,0.021418037403921404,0.021418037403921404,1,1
used have,bigram,0,0,0.021342452741015153,0.021342452741015153,1,1
cr medium,bigram,0,0,0.021255836979148592,0.021255836979148592,1,1
fusion upgrade,bigram,0,0,0.0212386311994162,0.0212386311994162,1,1
creating code,bigram,0,0,0.021004018326669024,0.021004018326669024,1,1
for following,bigram,0,0,0.020982496318983627,0.020982496318983627,1,1
importance high,bigram,0,0,0.02094367621982638,0.02094367621982638,1,1
response code,bigram,0,0,0.020894974542125796,0.020894974542125796,1,1
how,unigram,2,2,0.02085931698325806,0.02085931698325806,2,2
by tuesday,bigram,0,0,0.020661525551788833,0.020661525551788833,1,1
qui ones,bigram,0,0,0.02053982478399241,0.02053982478399241,1,1
feedback best,bigram,0,0,0.02045835331709208,0.02045835331709208,1,1
fie sa,bigram,0,0,0.02044199929218658,0.02044199929218658,1,1
administrator or,bigram,0,0,0.02030691773390672,0.02030691773390672,1,1
caps caps,bigram,0,0,0.02020192579331908,0.02020192579331908,1,1
investigating,unigram,1,1,0.019997638381746348,0.019997638381746348,1,1
link kind,bigram,0,0,0.019853986137621203,0.019853986137621203,2,2
error win,bigram,0,0,0.01931628776733107,0.01931628776733107,1,1
error message,bigram,0,0,0.019155976497201833,0.019155976497201833,1,1
unlinking,unigram,1,1,0.019070252807712983,0.019070252807712983,1,1
please kb,bigram,0,0,0.019070252807712983,0.019070252807712983,1,1
having less,bigram,0,0,0.019070252807712983,0.019070252807712983,1,1
workstation having,bigram,0,0,0.019070252807712983,0.019070252807712983,1,1
make files,bigram,0,0,0.019070252807712983,0.019070252807712983,1,1
files completely,bigram,0,0,0.019070252807712983,0.019070252807712983,1,1
station,unigram,1,1,0.0190015488159277,0.0190015488159277,1,1
template location,bigram,0,0,0.018937448125151746,0.018937448125151746,1,1
respects,unigram,30,28,0.027753231297883384,0.01890595295658182,3,2
period for,bigram,0,0,0.018884316630511676,0.018884316630511676,1,1
area thursday,bigram,0,0,0.018737734632988525,0.018737734632988525,1,1
senior infrastructure,bigram,0,0,0.018573750978715293,0.018573750978715293,1,1
magenta,unigram,2,2,0.018555577430742508,0.018555577430742508,2,2
error getting,bigram,0,0,0.018520247023597666,0.018520247023597666,1,1
care si,bigram,0,0,0.018189416380774318,0.018189416380774318,1,1
windows re,bigram,0,0,0.018103792944214245,0.018103792944214245,1,1
please find,bigram,0,0,0.0180370153664666,0.0180370153664666,1,1
managed connect,bigram,0,0,0.01786553875640791,0.01786553875640791,1,1
hello managed,bigram,0,0,0.01781365094385492,0.01781365094385492,1,1
requirement,unigram,2,1,0.017316817772679384,0.017316817772679384,1,1
recent,unigram,2,2,0.02303281975066824,0.0169452630960904,2,1
try upgrade,bigram,0,0,0.01670276776587881,0.01670276776587881,1,1
tester en,bigram,0,0,0.016593975503234246,0.016593975503234246,1,1
create codes,bigram,0,0,0.016593820877677284,0.016593820877677284,1,1
si face,bigram,0,0,0.016382000417611692,0.016382000417611692,1,1
even,unigram,1,1,0.016381020328238398,0.016381020328238398,1,1
away,unigram,2,2,0.016317838049187967,0.016317838049187967,1,1
via explorer,bigram,0,0,0.01627324298907854,0.01627324298907854,1,1
documentation view,bigram,0,0,0.01626626682151557,0.01626626682151557,1,1
related problem,bigram,0,0,0.01616217252831754,0.01616217252831754,1,1
how please,bigram,0,0,0.016037802341705494,0.016037802341705494,1,1
action,unigram,3,3,0.015950122385366704,0.015950122385366704,1,1
share accept,bigram,0,0,0.015946677613902605,0.015946677613902605,1,1
share want,bigram,0,0,0.015937216783384837,0.015937216783384837,1,1
engineer wednesday,bigram,0,0,0.015836481796965226,0.015836481796965226,1,1
version version,bigram,0,0,0.01559792491039608,0.01559792491039608,1,1
the,unigram,3,2,0.015591450088816529,0.015591450088816529,1,1
than minutes,bigram,0,0,0.015501167229433269,0.015501167229433269,1,1
work please,bigram,0,0,0.015445645391687008,0.015445645391687008,1,1
urgent reports,bigram,0,0,0.015372680303618682,0.015372680303618682,1,1
connect si,bigram,0,0,0.015189931116457178,0.015189931116457178,1,1
pm area,bigram,0,0,0.015174678742776598,0.015174678742776598,1,1
analyst,unigram,2,2,0.015016246005152875,0.015016246005152875,1,1
particular thanks,bigram,0,0,0.014798313952834307,0.014798313952834307,1,1
hi visual,bigram,0,0,0.014699231656926654,0.014699231656926654,1,1
date wednesday,bigram,0,0,0.014531342429883454,0.014531342429883454,1,1
opportunity code,bigram,0,0,0.014527717060782064,0.014527717060782064,1,1
importance,unigram,1,1,0.014422679205258356,0.014422679205258356,1,1
created oracle,bigram,0,0,0.014308604245678709,0.014308604245678709,1,1
please wait,bigram,0,0,0.014204754740985436,0.014204754740985436,1,1
operator,unigram,1,1,0.01376843544109975,0.01376843544109975,1,1
priority folder,bigram,0,0,0.013711499109460833,0.013711499109460833,1,1
below your,bigram,0,0,0.013666658057205147,0.013666658057205147,1,1
upgrade procedure,bigram,0,0,0.013661190226400121,0.013661190226400121,1,1
per,unigram,2,2,0.013481782351008291,0.013481782351008291,1,1
environment printing,bigram,0,0,0.013476219162729322,0.013476219162729322,1,1
than free,bigram,0,0,0.013409975276645352,0.013409975276645352,1,1
period client,bigram,0,0,0.013387989005007383,0.013387989005007383,1,1
thanks looking,bigram,0,0,0.013375362603906999,0.013375362603906999,1,1
report thank,bigram,0,0,0.01334328256214566,0.01334328256214566,1,1
build status,bigram,0,0,0.013324987305360539,0.013324987305360539,1,1
caps docs,bigram,0,0,0.013201104870184732,0.013201104870184732,1,1
summary setup,bigram,0,0,0.012781629335858921,0.012781629335858921,1,1
discussing,unigram,1,1,0.012778171712240095,0.012778171712240095,1,1
monitor pm,bigram,0,0,0.012746419476030038,0.012746419476030038,1,1
access into,bigram,0,0,0.012694187745674159,0.012694187745674159,1,1
subscription please,bigram,0,0,0.012448100172957865,0.012448100172957865,1,1
location report,bigram,0,0,0.012446587723219963,0.012446587723219963,1,1
store,unigram,1,1,0.012330436907367601,0.012330436907367601,1,1
help opening,bigram,0,0,0.012273556311868838,0.012273556311868838,1,1
to module,bigram,0,0,0.012229217449902808,0.012229217449902808,1,1
installation also,bigram,0,0,0.012222965907210226,0.012222965907210226,1,1
issue line,bigram,0,0,0.011935563454071065,0.011935563454071065,1,1
ibm,unigram,1,1,0.01187282933105412,0.01187282933105412,1,1
subscription store,bigram,0,0,0.011779107949436245,0.011779107949436245,1,1
remain version,bigram,0,0,0.011779107949436245,0.011779107949436245,1,1
kb subscription,bigram,0,0,0.011779107949436245,0.011779107949436245,1,1
more kb,bigram,0,0,0.011779107949436245,0.011779107949436245,1,1
unlinking subscription,bigram,0,0,0.011779107949436245,0.011779107949436245,1,1
hi log,bigram,0,0,0.011642339518928221,0.011642339518928221,1,1
saw,unigram,1,1,0.01160686057876322,0.01160686057876322,1,1
senior out,bigram,0,0,0.011523658104979963,0.011523658104979963,1,1
qui,unigram,1,1,0.011460294500135651,0.011460294500135651,1,1
going change,bigram,0,0,0.011433167749559528,0.011433167749559528,1,1
receptive,unigram,2,1,0.011428748130886244,0.011428748130886244,1,1
to am,bigram,0,0,0.011388000043903945,0.011388000043903945,1,1
be available,bigram,0,0,0.011349476472392648,0.011349476472392648,1,1
and thursday,bigram,0,0,0.01124795202139846,0.01124795202139846,1,1
po hey,bigram,0,0,0.011198398619882642,0.011198398619882642,1,1
currently,unigram,2,2,0.013585961055436835,0.011198398062944093,2,1
test consultant,bigram,0,0,0.07577072465337682,0.011127123661403683,2,1
codes client,bigram,0,0,0.011045671167006523,0.011045671167006523,1,1
attached form,bigram,0,0,0.011018538047235255,0.011018538047235255,1,1
hi pm,bigram,0,0,0.011006166923897104,0.011006166923897104,1,1
to re,bigram,0,0,0.01076968487785779,0.01076968487785779,1,1
what can,bigram,0,0,0.010712286653534533,0.010712286653534533,1,1
com access,bigram,0,0,0.010530917063202487,0.010530917063202487,1,1
maxim,unigram,1,1,0.010487218822980643,0.010487218822980643,1,1
automation framework,bigram,0,0,0.010365910045869795,0.010365910045869795,1,1
folder head,bigram,0,0,0.010173714364828886,0.010173714364828886,1,1
code needs,bigram,0,0,0.010054005651036927,0.010054005651036927,1,1
view cannot,bigram,0,0,0.010028618500246354,0.010028618500246354,1,1
manager bogota,bigram,0,0,0.009943295003686086,0.009943295003686086,1,1
crap,unigram,1,1,0.00986108295182501,0.00986108295182501,1,1
pm crap,bigram,0,0,0.00986108295182501,0.00986108295182501,1,1
hello has,bigram,0,0,0.009846820186655749,0.009846820186655749,1,1
particular,unigram,2,2,0.009714183523581908,0.009714183523581908,1,1
code by,bigram,0,0,0.00967472227975641,0.00967472227975641,1,1
thanks nj,bigram,0,0,0.009646263153757398,0.009646263153757398,1,1
user interface,bigram,0,0,0.00940817952517459,0.00940817952517459,1,1
created accounts,bigram,0,0,0.00933689049319983,0.00933689049319983,1,1
kale building,bigram,0,0,0.009308791232332251,0.009308791232332251,1,1
functionality,unigram,1,1,0.009028347099283797,0.009028347099283797,1,1
pm help,bigram,0,0,0.008949080665474419,0.008949080665474419,1,1
for more,bigram,0,0,0.008632463605391903,0.008632463605391903,1,1
entered below,bigram,0,0,0.008607720827293677,0.008607720827293677,1,1
feedback hi,bigram,0,0,0.008517900371540092,0.008517900371540092,1,1
actions required,bigram,0,0,0.008494013288526798,0.008494013288526798,1,1
kale,unigram,2,1,0.008482795377645432,0.008482795377645432,1,1
technical,unigram,2,2,0.28392853873743157,0.008461578546461295,2,1
content,unigram,1,1,0.008378832538985751,0.008378832538985751,1,1
please thank,bigram,0,0,0.008316295132449235,0.008316295132449235,1,1
notification cr,bigram,0,0,0.008035149806786622,0.008035149806786622,1,1
lost,unigram,1,1,0.008002928082934008,0.008002928082934008,1,1
ooh,unigram,2,2,0.014232340268185172,0.007973528195246661,2,1
possibility upgrade,bigram,0,0,0.007911969088379156,0.007911969088379156,1,1
minutes apply,bigram,0,0,0.007911969088379156,0.007911969088379156,1,1
open for,bigram,0,0,0.0077668610660102935,0.0077668610660102935,1,1
new request,bigram,0,0,0.0077493924774787015,0.0077493924774787015,1,1
client opportunity,bigram,0,0,0.0076917670533275615,0.0076917670533275615,1,1
magenta toner,bigram,0,0,0.007462689672708422,0.007462689672708422,1,1
less than,bigram,0,0,0.0074047746708608584,0.0074047746708608584,1,1
senior manager,bigram,0,0,0.00740220598818872,0.00740220598818872,1,1
for download,bigram,0,0,0.00737082999141569,0.00737082999141569,1,1
code for,bigram,0,0,0.007135244035158475,0.007135244035158475,1,1
between,unigram,1,1,0.007082568778888209,0.007082568778888209,1,1
what,unigram,2,2,0.007043624321365161,0.007043624321365161,1,1
project setup,bigram,0,0,0.006879786206483924,0.006879786206483924,1,1
lost access,bigram,0,0,0.0067118351079328495,0.0067118351079328495,1,1
error code,bigram,0,0,0.006663248494602003,0.006663248494602003,1,1
oracle july,bigram,0,0,0.006643123907119754,0.006643123907119754,1,1
their,unigram,2,2,0.006597099770088306,0.006597099770088306,1,1
outage on,bigram,0,0,0.006510482249710495,0.006510482249710495,1,1
take more,bigram,0,0,0.006434966722235681,0.006434966722235681,1,1
engineer please,bigram,0,0,0.006386266040961102,0.006386266040961102,1,1
submit,unigram,1,1,0.006284233702079603,0.006284233702079603,1,1
short,unigram,1,1,0.006244930235325653,0.006244930235325653,1,1
documentation folder,bigram,0,0,0.006231795753012183,0.006231795753012183,1,1
help accessing,bigram,0,0,0.006180019303374984,0.006180019303374984,1,1
completely,unigram,1,1,0.006129850820894582,0.006129850820894582,1,1
asap workstation,bigram,0,0,0.005880773745671135,0.005880773745671135,1,1
kb more,bigram,0,0,0.005880773745671135,0.005880773745671135,1,1
establish,unigram,1,1,0.005726930107165792,0.005726930107165792,1,1
action take,bigram,0,0,0.005644137660634017,0.005644137660634017,1,1
upgrade option,bigram,0,0,0.005543217627332382,0.005543217627332382,1,1
log for,bigram,0,0,0.0054155256566757425,0.0054155256566757425,1,1
medium,unigram,3,1,0.0053810810788488305,0.0053810810788488305,1,1
type,unigram,3,3,0.005347032772800272,0.005347032772800272,1,1
process please,bigram,0,0,0.005327606712094595,0.005327606712094595,1,1
users about,bigram,0,0,0.005171821344580697,0.005171821344580697,1,1
based bellow,bigram,0,0,0.00507034186682506,0.00507034186682506,1,1
check the,bigram,0,0,0.005031862547648862,0.005031862547648862,1,1
let completed,bigram,0,0,0.00502479572337861,0.00502479572337861,1,1
please area,bigram,0,0,0.0050154898062520015,0.0050154898062520015,1,1
re caps,bigram,0,0,0.005013599739732156,0.005013599739732156,1,1
remain,unigram,1,1,0.005011770830196265,0.005011770830196265,1,1
dated,unigram,1,1,0.004538399600769945,0.004538399600769945,1,1
senior date,bigram,0,0,0.004519889819775848,0.004519889819775848,1,1
template name,bigram,0,0,0.004406818169286356,0.004406818169286356,1,1
please review,bigram,0,0,0.004300317235802387,0.004300317235802387,1,1
free how,bigram,0,0,0.004244512320218268,0.004244512320218268,1,1
log relevant,bigram,0,0,0.0038463887364501804,0.0038463887364501804,1,1
required side,bigram,0,0,0.0037512873500219687,0.0037512873500219687,1,1
monitoring please,bigram,0,0,0.0035994033234715184,0.0035994033234715184,1,1
contact your,bigram,0,0,0.0035733112874222375,0.0035733112874222375,1,1
cannot open,bigram,0,0,0.00356786609482627,0.00356786609482627,1,1
result,unigram,1,1,0.0035254605053104075,0.0035254605053104075,1,1
setup possible,bigram,0,0,0.0034699231950757687,0.0034699231950757687,1,1
layout,unigram,3,3,0.011407884660485014,0.0034060972392691777,3,1
pm caps,bigram,0,0,0.0032855625460886874,0.0032855625460886874,1,1
let senior,bigram,0,0,0.003226352123535621,0.003226352123535621,1,1
image please,bigram,0,0,0.0032257285609386187,0.0032257285609386187,1,1
priority drop,bigram,0,0,0.0032061671042597573,0.0032061671042597573,1,1
thanking,unigram,2,2,0.003091720613991781,0.003091720613991781,1,1
code opportunity,bigram,0,0,0.00278595792954788,0.00278595792954788,1,1
reports area,bigram,0,0,0.002721831740134562,0.002721831740134562,1,1
district,unigram,3,3,0.009289823917757026,0.002709848258418882,3,1
re working,bigram,0,0,0.0026633480159247683,0.0026633480159247683,1,1
pas to,bigram,0,0,0.0026198051347767954,0.0026198051347767954,1,1
permission,unigram,3,1,0.0025208301532556364,0.0025208301532556364,1,1
contra,unigram,13,9,0.01742765695602074,0.002159917265044204,8,2
user rights,bigram,0,0,0.0021414177187145866,0.0021414177187145866,1,1
stand tv,bigram,0,0,0.002028112402060526,0.002028112402060526,1,1
mw,unigram,1,1,0.002023008005179391,0.002023008005179391,1,1
volume,unigram,1,1,0.001980823155882188,0.001980823155882188,1,1
mini,unigram,2,1,0.0019292754620548872,0.0019292754620548872,1,1
from,unigram,2,2,0.003318588675305537,0.0019234917756392248,2,1
hi works,bigram,0,0,0.0018363765651045738,0.0018363765651045738,1,1
find thank,bigram,0,0,0.0018102328509314734,0.0018102328509314734,1,1
vista,unigram,3,3,0.006726068926836476,0.0015852582498836845,3,1
execute,unigram,3,3,0.001373669945455281,0.001373669945455281,1,1
wednesday re,bigram,0,0,0.0011504604606288765,0.0011504604606288765,1,1
continue,unigram,4,4,0.0011391870355882939,0.0011391870355882939,1,1
the project,bigram,0,0,0.0010351939360350208,0.0010351939360350208,1,1
re waiting,bigram,0,0,0.0010157369980043705,0.0010157369980043705,1,1
message received,bigram,0,0,0.0008952849423983457,0.0008952849423983457,1,1
wed,unigram,1,1,0.0008453332633210991,0.0008453332633210991,1,1
want connect,bigram,0,0,0.0007765481509340569,0.0007765481509340569,1,1
hi re,bigram,0,0,0.0007711923904953444,0.0007711923904953444,1,1
retina intel,bigram,0,0,0.0006162461120858184,0.0006162461120858184,1,1
pro en,bigram,0,0,0.0006130260304313399,0.0006130260304313399,1,1
been assigned,bigram,0,0,0.0574534287475314,0.0004041582588033198,2,1
form has,bigram,0,0,0.0002897285326181292,0.0002897285326181292,1,1
uploaded,unigram,1,1,0.00020897953506198772,0.00020897953506198772,1,1
requested for,bigram,0,0,0.000140920009976003,0.000140920009976003,1,1
base,unigram,20,17,0.0,0.0,0,0
status,unigram,26,17,0.8056100154733128,0.0,2,0
guys,unigram,11,10,0.08374317791922417,0.0,1,0
continua,unigram,14,9,0.3960420968307767,0.0,6,0
anterior,unigram,8,8,0.0,0.0,0,0
march,unigram,8,7,0.339275471057756,0.0,5,0
mail,unigram,8,7,0.35440224875728593,0.0,1,0
mb,unigram,10,6,0.20398443733033977,0.0,5,0
mails,unigram,12,6,0.5566856505457672,0.0,1,0
am,unigram,5,5,0.11327725587340409,0.0,2,0
location,unigram,5,4,0.0,0.0,0,0
high,unigram,4,4,0.036582770377091504,0.0,1,0
qual,unigram,4,4,0.0,0.0,0,0
over,unigram,4,4,0.03865480434399777,0.0,1,0
bb,unigram,5,4,0.05167154540858884,0.0,3,0
files,unigram,8,4,0.0,0.0,0,0
alto,unigram,4,4,0.06611017420317747,0.0,2,0
doc,unigram,5,4,0.0,0.0,0,0
needs,unigram,4,4,0.0,0.0,0,0
toner,unigram,9,3,0.0,0.0,0,0
superior,unigram,3,3,0.0,0.0,0,0
nj,unigram,3,3,0.0,0.0,0,0
provide,unigram,3,3,0.05062394163779357,0.0,1,0
related,unigram,3,3,0.059613971211327374,0.0,1,0
problem,unigram,3,3,0.4136452953949528,0.0,2,0
holiday,unigram,3,3,0.48649401801286035,0.0,1,0
total,unigram,3,3,0.09025049075515373,0.0,1,0
assign,unigram,3,3,0.1479941939040004,0.0,1,0
been,unigram,3,3,0.008662698264873077,0.0,1,0
tm,unigram,7,3,0.0,0.0,0,0
mal,unigram,3,3,0.0,0.0,0,0
registrar,unigram,3,3,0.0,0.0,0,0
conf,unigram,3,3,0.0,0.0,0,0
layouts,unigram,7,3,0.0,0.0,0,0
possible,unigram,3,3,0.0,0.0,0,0
central,unigram,3,3,0.37088220442962905,0.0,2,0
powwow,unigram,8,2,0.8206378257229778,0.0,1,0
super,unigram,2,2,0.0,0.0,0,0
drivers,unigram,2,2,0.3164200634466234,0.0,2,0
disclaimer,unigram,2,2,0.0,0.0,0,0
intra,unigram,3,2,0.0,0.0,0,0
locale,unigram,2,2,0.043492247962779576,0.0,2,0
vice,unigram,2,2,0.006823086432924969,0.0,1,0
dublin,unigram,17,2,0.0,0.0,0,0
cob,unigram,2,2,0.0,0.0,0,0
puma,unigram,2,2,0.0,0.0,0,0
italy,unigram,2,2,0.017407224882786027,0.0,2,0
good,unigram,2,2,0.0,0.0,0,0
include,unigram,2,2,0.03935899954769931,0.0,1,0
sp,unigram,2,2,0.0514371728284428,0.0,1,0
she,unigram,2,2,0.0,0.0,0,0
kick,unigram,3,2,0.5344667495632889,0.0,2,0
cl,unigram,2,2,0.0,0.0,0,0
proceed,unigram,2,2,0.018350755696627967,0.0,1,0
reg,unigram,2,2,0.0,0.0,0,0
summary,unigram,2,2,0.0,0.0,0,0
saturday,unigram,2,2,0.3548122004538543,0.0,2,0
looks,unigram,2,2,0.10430573113451715,0.0,1,0
amp,unigram,6,2,0.6642454359878531,0.0,2,0
mine,unigram,2,2,0.06214368137259142,0.0,1,0
fwd,unigram,2,2,0.08906549111556786,0.0,2,0
aliases,unigram,2,2,0.0,0.0,0,0
attached,unigram,2,2,0.0,0.0,0,0
old,unigram,2,2,0.12569395946903972,0.0,2,0
was,unigram,2,2,0.048111680139072584,0.0,1,0
cache,unigram,3,2,0.1702435869237557,0.0,2,0
consultant,unigram,2,2,0.36273942288928107,0.0,1,0
account,unigram,2,2,0.0,0.0,0,0
cpu,unigram,6,2,1.2673438400712773,0.0,2,0
attach,unigram,2,2,0.0,0.0,0,0
other,unigram,2,2,0.0,0.0,0,0
fiscal,unigram,15,2,0.0,0.0,0,0
tot,unigram,2,2,0.11413624342483553,0.0,1,0
speed,unigram,2,2,0.0,0.0,0,0
sub,unigram,2,2,0.0,0.0,0,0
added,unigram,3,2,0.0,0.0,0,0
team,unigram,2,2,0.43124076477245094,0.0,1,0
quota,unigram,2,2,0.0,0.0,0,0
controller,unigram,2,2,0.0,0.0,0,0
malta,unigram,2,2,0.0,0.0,0,0
required,unigram,2,2,0.0,0.0,0,0
individual,unigram,2,2,0.0,0.0,0,0
agenda,unigram,1,1,0.0,0.0,0,0
tudor,unigram,1,1,0.0,0.0,0,0
natural,unigram,1,1,0.0,0.0,0,0
street,unigram,1,1,0.0,0.0,0,0
less,unigram,1,1,0.0,0.0,0,0
nope,unigram,1,1,0.0,0.0,0,0
bit,unigram,1,1,0.24357170123987731,0.0,1,0
attachment,unigram,1,1,0.0,0.0,0,0
procure,unigram,1,1,0.014424443222634706,0.0,1,0
question,unigram,1,1,0.0,0.0,0,0
relate,unigram,1,1,0.0,0.0,0,0
clean,unigram,1,1,0.0,0.0,0,0
label,unigram,1,1,0.0,0.0,0,0
it,unigram,1,1,0.0,0.0,0,0
patched,unigram,1,1,0.09278416721802697,0.0,1,0
machine,unigram,1,1,0.0,0.0,0,0
reproduction,unigram,1,1,0.0,0.0,0,0
configured,unigram,1,1,0.0,0.0,0,0
his,unigram,1,1,0.0,0.0,0,0
eke,unigram,1,1,0.0,0.0,0,0
appeared,unigram,1,1,0.07897742410139197,0.0,1,0
go,unigram,1,1,0.0,0.0,0,0
address,unigram,1,1,0.0,0.0,0,0
copenhagen,unigram,1,1,0.12485182369032029,0.0,1,0
we,unigram,1,1,0.0,0.0,0,0
development,unigram,1,1,0.0,0.0,0,0
fatal,unigram,2,1,0.3786836232577511,0.0,1,0
banners,unigram,1,1,0.003559736079021649,0.0,1,0
remove,unigram,1,1,0.0,0.0,0,0
respect,unigram,1,1,0.0,0.0,0,0
enter,unigram,1,1,1.0503785045551068,0.0,1,0
undeliverable,unigram,1,1,0.03864035927773841,0.0,1,0
generic,unigram,1,1,0.0,0.0,0,0
belgrade,unigram,1,1,0.0,0.0,0,0
going,unigram,1,1,0.0,0.0,0,0
some,unigram,1,1,0.0,0.0,0,0
variances,unigram,1,1,0.0,0.0,0,0
contact,unigram,1,1,0.0,0.0,0,0
allow,unigram,1,1,0.0,0.0,0,0
begin,unigram,1,1,0.0,0.0,0,0
servers,unigram,1,1,0.0,0.0,0,0
germany,unigram,1,1,0.0,0.0,0,0
balances,unigram,1,1,0.0,0.0,0,0
suite,unigram,1,1,0.10091253860128026,0.0,1,0
canada,unigram,1,1,0.0,0.0,0,0
facilities,unigram,2,1,0.0,0.0,0,0
resolves,unigram,1,1,0.0,0.0,0,0
pascal,unigram,1,1,0.0,0.0,0,0
sake,unigram,1,1,0.0,0.0,0,0
sr,unigram,1,1,0.0,0.0,0,0
much,unigram,1,1,0.0,0.0,0,0
precise,unigram,1,1,0.011652691407098102,0.0,1,0
framework,unigram,2,1,0.0,0.0,0,0
expedite,unigram,1,1,0.0,0.0,0,0
who,unigram,1,1,0.06438898055033704,0.0,1,0
mangers,unigram,1,1,0.0,0.0,0,0
dynamic,unigram,1,1,0.08806042326967482,0.0,1,0
swap,unigram,12,1,0.2518208870876567,0.0,1,0
hr,unigram,1,1,0.14368174973433476,0.0,1,0
uh,unigram,1,1,0.0,0.0,0,0
december,unigram,1,1,0.0,0.0,0,0
complete,unigram,1,1,0.0,0.0,0,0
legate,unigram,1,1,0.0666915716612933,0.0,1,0
planed,unigram,1,1,0.0,0.0,0,0
domain,unigram,1,1,0.0,0.0,0,0
inactive,unigram,1,1,0.0,0.0,0,0
cts,unigram,1,1,0.0,0.0,0,0
always,unigram,2,1,0.0,0.0,0,0
ago,unigram,1,1,0.0,0.0,0,0
kennedy,unigram,1,1,0.0,0.0,0,0
drives,unigram,1,1,0.0,0.0,0,0
leavers,unigram,2,1,0.0,0.0,0,0
confused,unigram,1,1,0.00804355271589584,0.0,1,0
perspective,unigram,1,1,0.0,0.0,0,0
formal,unigram,1,1,0.022621336516097428,0.0,1,0
pushed,unigram,1,1,0.0,0.0,0,0
checking,unigram,1,1,0.018667623713709735,0.0,1,0
self,unigram,1,1,0.0,0.0,0,0
color,unigram,1,1,0.0,0.0,0,0
poland,unigram,2,1,0.04098865857140817,0.0,1,0
survey,unigram,1,1,0.08528629175249754,0.0,1,0
famed,unigram,8,1,0.0,0.0,0,0
pride,unigram,3,1,0.0,0.0,0,0
pre,unigram,1,1,0.3690826315459902,0.0,1,0
requestor,unigram,1,1,0.0,0.0,0,0
kernel,unigram,4,1,0.07442930718549588,0.0,1,0
jabber,unigram,1,1,0.0,0.0,0,0
liber,unigram,1,1,0.0,0.0,0,0
joiners,unigram,1,1,0.0,0.0,0,0
person,unigram,2,1,0.0,0.0,0,0
prima,unigram,1,1,0.0,0.0,0,0
transitions,unigram,1,1,0.0,0.0,0,0
ave,unigram,1,1,0.06866829298633191,0.0,1,0
hand,unigram,1,1,0.017277341914651287,0.0,1,0
resources,unigram,1,1,0.004334519186002773,0.0,1,0
sum,unigram,1,1,0.0,0.0,0,0
es,unigram,1,1,0.0,0.0,0,0
building,unigram,2,1,0.0,0.0,0,0
tablet,unigram,1,1,0.0,0.0,0,0
forte,unigram,1,1,0.010686972916261639,0.0,1,0
admin,unigram,1,1,0.10749448516716685,0.0,1,0
provision,unigram,1,1,0.0,0.0,0,0
sat,unigram,1,1,0.017416042200847904,0.0,1,0
variance,unigram,2,1,0.0,0.0,0,0
end,unigram,1,1,0.0,0.0,0,0
allowed,unigram,1,1,0.0,0.0,0,0
next,unigram,1,1,0.0,0.0,0,0
rules,unigram,4,1,0.03041717683696008,0.0,1,0
structure,unigram,2,1,0.2429393449882265,0.0,1,0
glee,unigram,1,1,0.0,0.0,0,0
connected,unigram,1,1,0.0,0.0,0,0
migrating,unigram,1,1,0.08679439932034554,0.0,1,0
functions,unigram,1,1,0.02291628197027969,0.0,1,0
leader,unigram,19,1,0.0,0.0,0,0
preview,unigram,1,1,0.0,0.0,0,0
assessors,unigram,1,1,0.0,0.0,0,0
req,unigram,1,1,0.0,0.0,0,0
were,unigram,1,1,0.0,0.0,0,0
current,unigram,1,1,0.0,0.0,0,0
resubmit,unigram,1,1,0.000608589019208225,0.0,1,0
trivial,unigram,1,1,0.0,0.0,0,0
angular,unigram,1,1,0.0,0.0,0,0
versus,unigram,2,1,0.0,0.0,0,0
options,unigram,1,1,0.0,0.0,0,0
reference,unigram,3,1,0.007954058422128535,0.0,1,0
works,unigram,1,1,0.0,0.0,0,0
least,unigram,1,1,0.0,0.0,0,0
index,unigram,1,1,0.0,0.0,0,0
used,unigram,1,1,0.0,0.0,0,0
temp,unigram,1,1,0.0,0.0,0,0
rn,unigram,1,1,0.02027808748285891,0.0,1,0
root,unigram,1,1,0.060676222361926796,0.0,1,0
kickoff,unigram,1,1,0.0,0.0,0,0
mime,unigram,1,1,0.04006821192994181,0.0,1,0
bytes,unigram,1,1,0.12225800910944419,0.0,1,0
into,unigram,1,1,0.0,0.0,0,0
clarke,unigram,2,1,0.0,0.0,0,0
comments,unigram,1,1,0.0,0.0,0,0
like,unigram,1,1,0.0,0.0,0,0
positions,unigram,1,1,0.0,0.0,0,0
pin,unigram,2,1,0.012351085018153256,0.0,1,0
ti,unigram,1,1,0.03227509596284158,0.0,1,0
caps,unigram,8,1,0.0,0.0,0,0
this,unigram,1,1,0.0,0.0,0,0
officer,unigram,1,1,0.0,0.0,0,0
ids,unigram,1,1,0.0,0.0,0,0
record,unigram,1,1,0.0,0.0,0,0
query,unigram,1,1,0.0,0.0,0,0
pixels,unigram,1,1,0.0,0.0,0,0
implement,unigram,1,1,0.0,0.0,0,0
merge,unigram,4,1,0.0,0.0,0,0
cont,unigram,1,1,0.12547149544259417,0.0,1,0
downgrade,unigram,1,1,0.0,0.0,0,0
california,unigram,1,1,0.13352151709556864,0.0,1,0
macs,unigram,3,1,0.0,0.0,0,0
talk,unigram,1,1,0.10083237606465185,0.0,1,0
maine,unigram,1,1,0.0,0.0,0,0
sits,unigram,1,1,0.0,0.0,0,0
close,unigram,2,1,0.0,0.0,0,0
lists,unigram,1,1,0.0,0.0,0,0
november,unigram,1,1,0.34857365165038373,0.0,1,0
vs,unigram,2,1,0.0,0.0,0,0
responsive,unigram,3,1,0.05753588020880656,0.0,1,0
experts,unigram,1,1,0.0,0.0,0,0
subscription,unigram,2,1,0.0,0.0,0,0
steps,unigram,1,1,0.0,0.0,0,0
pictures,unigram,1,1,0.0,0.0,0,0
cs,unigram,1,1,0.001272663643565152,0.0,1,0
render,unigram,2,1,0.0,0.0,0,0
driver,unigram,1,1,0.4551702282389487,0.0,1,0
ticked,unigram,1,1,0.0,0.0,0,0
capture,unigram,1,1,0.0,0.0,0,0
back,unigram,1,1,0.0,0.0,0,0
thing,unigram,1,1,0.0,0.0,0,0
start,unigram,6,1,0.0,0.0,0,0
pkg,unigram,1,1,0.04586744263491478,0.0,1,0
live,unigram,1,1,0.0,0.0,0,0
ion,unigram,1,1,0.0,0.0,0,0
premier,unigram,1,1,0.0,0.0,0,0
valid,unigram,1,1,0.0,0.0,0,0
would,unigram,1,1,0.0,0.0,0,0
library,unigram,5,1,0.0,0.0,0,0
retry,unigram,1,1,0.0,0.0,0,0
safe,unigram,1,1,0.0,0.0,0,0
receive,unigram,1,1,0.0,0.0,0,0
jersey,unigram,1,1,0.0,0.0,0,0
option,unigram,1,1,0.0,0.0,0,0
od,unigram,2,1,0.0,0.0,0,0
look,unigram,1,1,0.0,0.0,0,0
try,unigram,1,1,0.0,0.0,0,0
auditor,unigram,1,1,0.016046783749822213,0.0,1,0
finding,unigram,1,1,0.0,0.0,0,0
timecards,unigram,1,1,1.1838694974179045,0.0,1,0
manger,unigram,2,1,0.15544727973687902,0.0,1,0
vin,unigram,1,1,0.0,0.0,0,0
gill,unigram,1,1,0.0,0.0,0,0
destination,unigram,1,1,0.06932971220039869,0.0,1,0
sept,unigram,2,1,0.0,0.0,0,0
opening,unigram,1,1,0.0,0.0,0,0
scanner,unigram,1,1,0.0,0.0,0,0
expect,unigram,1,1,0.0,0.0,0,0
friday,unigram,1,1,0.024004688429367416,0.0,1,0
planning,unigram,1,1,0.0,0.0,0,0
grooming,unigram,2,1,0.0,0.0,0,0
configuration,unigram,1,1,0.0,0.0,0,0
printing,unigram,1,1,0.0,0.0,0,0
cap,unigram,1,1,0.03697537402829701,0.0,1,0
poll,unigram,1,1,0.22930035240339247,0.0,1,0
search,unigram,1,1,0.0,0.0,0,0
icon,unigram,1,1,0.10291205132186534,0.0,1,0
swift,unigram,1,1,0.0,0.0,0,0
february,unigram,1,1,0.0,0.0,0,0
split,unigram,3,1,0.06798108877313772,0.0,1,0
snip,unigram,1,1,0.0997785572212606,0.0,1,0
zebra,unigram,1,1,0.0,0.0,0,0
spa,unigram,1,1,0.0,0.0,0,0
alias,unigram,1,1,0.0,0.0,0,0
broad,unigram,1,1,0.0,0.0,0,0
et,unigram,1,1,0.024550531978231205,0.0,1,0
attention,unigram,1,1,0.0,0.0,0,0
port,unigram,1,1,0.0,0.0,0,0
ny,unigram,2,1,0.0,0.0,0,0
document,unigram,3,1,0.45274136178769453,0.0,1,0
assess,unigram,1,1,0.0,0.0,0,0
lock,unigram,1,1,0.0,0.0,0,0
role,unigram,1,1,0.18264786938673597,0.0,1,0
route,unigram,1,1,0.17368694036926896,0.0,1,0
progressed,unigram,1,1,0.0,0.0,0,0
signature,unigram,3,1,0.0,0.0,0,0
fin,unigram,1,1,0.0,0.0,0,0
sh,unigram,1,1,0.09671325932714142,0.0,1,0
existing,unigram,1,1,0.0,0.0,0,0
mg,unigram,1,1,0.0,0.0,0,0
print,unigram,1,1,0.0,0.0,0,0
tx,unigram,1,1,0.0,0.0,0,0
received,unigram,1,1,0.0,0.0,0,0
rcpt,unigram,1,1,0.0,0.0,0,0
wharf,unigram,1,1,0.008258694381768206,0.0,1,0
journal,unigram,1,1,0.0,0.0,0,0
sending,unigram,1,1,0.0,0.0,0,0
possibility,unigram,1,1,0.0,0.0,0,0
part,unigram,1,1,0.0,0.0,0,0
cine,unigram,1,1,0.01076116322091953,0.0,1,0
waiting,unigram,4,1,0.0,0.0,0,0
stack,unigram,1,1,0.04410507627916008,0.0,1,0
ii,unigram,1,1,0.18923076350456025,0.0,1,0
switch,unigram,1,1,0.17139208786846205,0.0,1,0
section,unigram,1,1,0.0,0.0,0,0
elite,unigram,1,1,0.0,0.0,0,0
disable,unigram,1,1,0.0,0.0,0,0
anyone,unigram,1,1,0.0,0.0,0,0
iii,unigram,2,1,0.0,0.0,0,0
bug,unigram,2,1,0.18368104730016077,0.0,1,0
administrator,unigram,1,1,0.0,0.0,0,0
requester,unigram,1,1,0.04664209853803764,0.0,1,0
gizmo,unigram,1,1,0.0,0.0,0,0
teams,unigram,1,1,0.0,0.0,0,0
five,unigram,1,1,0.023900950107498375,0.0,1,0
denmark,unigram,2,1,0.0,0.0,0,0
asp,unigram,2,1,0.0,0.0,0,0
procedure,unigram,1,1,0.0,0.0,0,0
postal,unigram,1,1,0.0,0.0,0,0
onboard,unigram,1,1,0.0,0.0,0,0
zephyr,unigram,7,1,0.09455881172130856,0.0,1,0
forward,unigram,1,1,0.17212879139859166,0.0,1,0
restate,unigram,1,1,0.02127702327117607,0.0,1,0
macedonia,unigram,2,1,0.0,0.0,0,0
hole,unigram,1,1,0.0,0.0,0,0
cooler,unigram,4,1,0.40194229313278057,0.0,1,0
press,unigram,2,1,0.0,0.0,0,0
ops,unigram,1,1,0.0,0.0,0,0
crucial,unigram,1,1,0.0,0.0,0,0
sprint,unigram,1,1,0.07274168443560565,0.0,1,0
minute,unigram,1,1,0.0,0.0,0,0
copying,unigram,1,1,0.008129939161413855,0.0,1,0
work,unigram,1,1,0.0,0.0,0,0
joiner,unigram,1,1,0.0,0.0,0,0
visitors,unigram,1,1,0.0,0.0,0,0
problems,unigram,2,1,0.07808134000921664,0.0,1,0
hold,unigram,1,1,0.0,0.0,0,0
got,unigram,1,1,0.0,0.0,0,0
understand,unigram,1,1,0.0,0.0,0,0
contract,unigram,1,1,0.0,0.0,0,0
permissions,unigram,1,1,0.021357362742943278,0.0,1,0
one,unigram,1,1,0.0,0.0,0,0
communication,unigram,1,1,0.05358294433288721,0.0,1,0
sonar,unigram,4,1,0.0,0.0,0,0
bases,unigram,1,1,0.0,0.0,0,0
cpi,unigram,1,1,0.0,0.0,0,0
service,unigram,1,1,1.1355122283009194,0.0,1,0
wish,unigram,1,1,0.015844592966485858,0.0,1,0
advisors,unigram,3,1,0.09475241232222441,0.0,1,0
entity,unigram,37,1,0.023056641178133528,0.0,1,0
contacts,unigram,1,1,0.0,0.0,0,0
der,unigram,1,1,0.0,0.0,0,0
el,unigram,1,1,0.3033029663553162,0.0,1,0
material,unigram,1,1,0.04939512266300277,0.0,1,0
plugged,unigram,1,1,0.0,0.0,0,0
invoicing,unigram,1,1,0.0,0.0,0,0
pus,unigram,1,1,0.027106694820053574,0.0,1,0
belfast,unigram,1,1,0.0,0.0,0,0
permit,unigram,1,1,0.0,0.0,0,0
tar,unigram,1,1,0.021909703301641447,0.0,1,0
errors,unigram,1,1,0.0,0.0,0,0
urgent,unigram,1,1,0.0,0.0,0,0
wide,unigram,1,1,0.0,0.0,0,0
hi order,bigram,0,0,0.03509334633184586,0.0,1,0
sub site,bigram,0,0,0.04680710853472611,0.0,1,0
ticket for,bigram,0,0,0.1687905087926902,0.0,1,0
sp tar,bigram,0,0,0.019779074634473325,0.0,1,0
order cooler,bigram,0,0,0.038212377097054995,0.0,1,0
re location,bigram,0,0,0.10952481810378732,0.0,1,0
hi connect,bigram,0,0,0.0800384363795982,0.0,1,0
site hi,bigram,0,0,0.025034877775417685,0.0,1,0
pm site,bigram,0,0,0.03875923984394743,0.0,1,0
hello hello,bigram,0,0,0.008580242411194337,0.0,1,0
mob zone,bigram,0,0,0.009389306596634686,0.0,1,0
lead en,bigram,0,0,0.03151935325041314,0.0,1,0
please call,bigram,0,0,0.001616091984187041,0.0,1,0
site site,bigram,0,0,0.08343069428706883,0.0,2,0
wednesday march,bigram,0,0,0.09317710766550392,0.0,2,0
site please,bigram,0,0,0.0108860280496307,0.0,1,0
ad admin,bigram,0,0,0.06663476482038422,0.0,1,0
hand over,bigram,0,0,0.06842779478509523,0.0,1,0
hi currently,bigram,0,0,0.007656065726710072,0.0,1,0
mb mb,bigram,0,0,0.08375141038411205,0.0,4,0
hello checked,bigram,0,0,0.10682878588863574,0.0,1,0
please related,bigram,0,0,0.05295333185918898,0.0,1,0
site working,bigram,0,0,0.013371925338750148,0.0,1,0
view add,bigram,0,0,0.11146865847324787,0.0,1,0
va la,bigram,0,0,0.20546134672587874,0.0,2,0
si sa,bigram,0,0,0.13000507693533989,0.0,2,0
tuesday july,bigram,0,0,0.030983670131261007,0.0,1,0
va thanks,bigram,0,0,0.019031158355968743,0.0,1,0
upload files,bigram,0,0,0.010226056640114828,0.0,1,0
re issues,bigram,0,0,0.3679761471213856,0.0,1,0
document library,bigram,0,0,0.053184098050083825,0.0,1,0
data data,bigram,0,0,0.028912969819101065,0.0,1,0
kernel stack,bigram,0,0,0.06109438046035534,0.0,1,0
loop thank,bigram,0,0,0.06805863905969858,0.0,1,0
mine si,bigram,0,0,0.006860025835369224,0.0,1,0
please kind,bigram,0,0,0.09603186409683907,0.0,1,0
tot se,bigram,0,0,0.01015374345853017,0.0,1,0
data sa,bigram,0,0,0.14105892623759755,0.0,1,0
pm oracle,bigram,0,0,0.10990526094032049,0.0,1,0
has been,bigram,0,0,0.010001808380341542,0.0,1,0
re request,bigram,0,0,0.0696751344359125,0.0,1,0
order create,bigram,0,0,0.03676939337147263,0.0,1,0
software developer,bigram,0,0,0.06518637371325199,0.0,1,0
cum sa,bigram,0,0,0.038191200390043485,0.0,1,0
com re,bigram,0,0,0.034868254318434,0.0,1,0
problem also,bigram,0,0,0.025014580158964635,0.0,1,0
developer registered,bigram,0,0,0.040902385971012534,0.0,1,0
added ad,bigram,0,0,0.000734589378289694,0.0,1,0
sa merge,bigram,0,0,0.017292772977955995,0.0,1,0
sa la,bigram,0,0,0.14587964983896062,0.0,1,0
token hello,bigram,0,0,0.12711349905624622,0.0,1,0
data re,bigram,0,0,0.051644224547745476,0.0,1,0
support re,bigram,0,0,0.042392100283549325,0.0,1,0
rd th,bigram,0,0,0.00834953483201372,0.0,1,0
ca care,bigram,0,0,0.07472479793239628,0.0,1,0
provide more,bigram,0,0,0.015521545399917739,0.0,1,0
march pm,bigram,0,0,0.3967515887238666,0.0,3,0
reference was,bigram,0,0,0.03045097873496736,0.0,1,0
access area,bigram,0,0,0.03875054052226008,0.0,1,0
db hello,bigram,0,0,0.024596004101568314,0.0,1,0
survey results,bigram,0,0,0.02816086762367312,0.0,1,0
note site,bigram,0,0,0.016165581633181263,0.0,1,0
si tot,bigram,0,0,0.015533623357958715,0.0,1,0
she has,bigram,0,0,0.004997959054439934,0.0,1,0
st st,bigram,0,0,0.016596053501927853,0.0,1,0
attached problem,bigram,0,0,0.012830420667222115,0.0,1,0
re split,bigram,0,0,0.03168416583364134,0.0,1,0
re tuesday,bigram,0,0,0.04910771272542945,0.0,1,0
st march,bigram,0,0,0.12942749589485408,0.0,1,0
sa sa,bigram,0,0,0.09021550806185583,0.0,1,0
si va,bigram,0,0,0.06743552940351544,0.0,2,0
files please,bigram,0,0,0.012929203736371749,0.0,1,0
manager la,bigram,0,0,0.036719655273136254,0.0,1,0
care ii,bigram,0,0,0.17791303570683226,0.0,1,0
hub saturday,bigram,0,0,0.02731429485253533,0.0,1,0
hr manager,bigram,0,0,0.12983804129213208,0.0,1,0
issues hi,bigram,0,0,0.4561986671828391,0.0,1,0
write access,bigram,0,0,0.4088966906189743,0.0,1,0
kick off,bigram,0,0,0.4362860223388676,0.0,2,0
blvd district,bigram,0,0,0.07255955151319902,0.0,1,0
pm feedback,bigram,0,0,0.1125272894791505,0.0,1,0
re poll,bigram,0,0,0.04185368828112836,0.0,1,0
from laptop,bigram,0,0,0.008737326646414797,0.0,1,0
assist upgrade,bigram,0,0,0.08453253637487557,0.0,1,0
assign sn,bigram,0,0,0.036727412883569725,0.0,1,0
off log,bigram,0,0,0.011028166265604976,0.0,1,0
manager role,bigram,0,0,0.17473399975682471,0.0,1,0
upgrade la,bigram,0,0,0.0654833150029157,0.0,1,0
va si,bigram,0,0,0.3700980225262203,0.0,2,0
access on,bigram,0,0,0.18585537396395402,0.0,1,0
si la,bigram,0,0,0.0065928120131311,0.0,1,0
code application,bigram,0,0,0.001860840656433679,0.0,1,0
site thursday,bigram,0,0,0.00983319369146566,0.0,1,0
link document,bigram,0,0,0.018793500521069588,0.0,1,0
denmark copenhagen,bigram,0,0,0.021583894181938214,0.0,1,0
thanks tuesday,bigram,0,0,0.05028488500775827,0.0,2,0
hello sd,bigram,0,0,0.07713067725506918,0.0,1,0
install on,bigram,0,0,0.2407281615696602,0.0,1,0
engineer tuesday,bigram,0,0,0.12708088418096733,0.0,1,0
registered old,bigram,0,0,0.0170944671724255,0.0,1,0
working thank,bigram,0,0,0.024559420610697692,0.0,1,0
com hi,bigram,0,0,0.09007077888834354,0.0,1,0
client configuration,bigram,0,0,0.0008948457228217262,0.0,1,0
la ca,bigram,0,0,0.21777248920613165,0.0,1,0
view db,bigram,0,0,0.0406345623839799,0.0,1,0
asap thanks,bigram,0,0,0.0019959097414222506,0.0,1,0
registered under,bigram,0,0,0.018269961781251766,0.0,1,0
pre thanks,bigram,0,0,0.0019195863214411036,0.0,1,0
se si,bigram,0,0,0.06826856154611831,0.0,1,0
ca sa,bigram,0,0,0.0252249010397405,0.0,1,0
re error,bigram,0,0,0.18468430424809273,0.0,1,0
tm tm,bigram,0,0,0.00987249893180594,0.0,1,0
view issues,bigram,0,0,0.1106748617149662,0.0,1,0
pas wednesday,bigram,0,0,0.14263306744972085,0.0,1,0
error upload,bigram,0,0,0.010884637669207034,0.0,1,0
thursday re,bigram,0,0,0.001000729373638167,0.0,1,0
ext july,bigram,0,0,0.07366669439177903,0.0,2,0
list for,bigram,0,0,0.09338155121719666,0.0,1,0
ca ti,bigram,0,0,0.02395569613620207,0.0,1,0
pm app,bigram,0,0,0.14590145533552318,0.0,1,0
sa ca,bigram,0,0,0.0327342486561812,0.0,1,0
pm status,bigram,0,0,0.03878710337446288,0.0,1,0
below assign,bigram,0,0,0.0012091065464118883,0.0,1,0
la mine,bigram,0,0,0.022517626437052185,0.0,1,0
old structure,bigram,0,0,0.0019893201929784953,0.0,1,0
link link,bigram,0,0,0.0314724304038944,0.0,1,0
managed get,bigram,0,0,0.04210687168960578,0.0,1,0
poll status,bigram,0,0,0.09631610868432805,0.0,1,0
log off,bigram,0,0,0.010501814520979244,0.0,1,0
site hello,bigram,0,0,0.19200227557989186,0.0,2,0
cum ca,bigram,0,0,0.13355129809553956,0.0,1,0
th manager,bigram,0,0,0.016265666622488652,0.0,1,0
re kernel,bigram,0,0,0.014029056533461114,0.0,1,0
proceed actions,bigram,0,0,0.026392652283339067,0.0,1,0
please permissions,bigram,0,0,0.017468431961996666,0.0,1,0
mouse hi,bigram,0,0,0.06651087488862872,0.0,1,0
si si,bigram,0,0,0.10395776714030588,0.0,1,0
am support,bigram,0,0,0.03957918349761211,0.0,1,0
android app,bigram,0,0,0.09486341761182153,0.0,1,0
re leavers,bigram,0,0,0.045155241728828684,0.0,1,0
la agile,bigram,0,0,0.04656125184038148,0.0,1,0
permissions were,bigram,0,0,0.0032457586203825405,0.0,1,0
december re,bigram,0,0,0.07482929909593987,0.0,1,0
conf call,bigram,0,0,0.004405691365811827,0.0,2,0
under number,bigram,0,0,0.01669235867093384,0.0,1,0
hosting environment,bigram,0,0,0.08580111616116919,0.0,1,0
validation rules,bigram,0,0,0.16716016276968207,0.0,1,0
oracle timecards,bigram,0,0,0.27510064810898266,0.0,1,0
